gen,specEquation,range,seed,AGenFitAvg,PGenFitAvg,AGenBestFitAvg,PGenBestFitAvg,AGenDeltaAvg,PGenDeltaAvg,AGenBestDeltaAvg,PGenBestDeltaAvg,topABestFit,topPBestFit,topAStdDev,topPStdDev,topAAvgDelta,topPAvgtDelta,topABestDelta,topPBestDelta,topAEquation,topPEquation,topAStrat,topPStrat,topADomStrat,topPDomStrat,topABirthGen,topPBirthGen,topAAge,topPAge,run
0,(x),20,-10,-0.019308484126984125,-0.010356383772775915,-0.0172,0.02,0.17287896825396826,25.858690476190482,0.7,0,-0.8553333333333333,1,0.05872582875501175,0.6511714980447406,21.98888888888889,9.331832010582012,36.16666666666667,0,((((0)-(8))+((5)-((1)+(7))))-(((8)*(4))+((x)/((3)-(x))))),((((x)/(5))/((x)*((0)/(8))))/((2)*((7)-((7)-(x))))),AddXD|AddToLeafR|DeleteTerminalR|SkipD|AddRandomSubTreeR|AddXD|DeleteMaliciousR|DeleteTerminalR|SubXD|DeleteMaliciousR|AddTreeWithSub|MutateTerminalR|AddTreeWithSub|AddTreeWithMult|AddTreeWithDiv,DeleteTerminalR|AddRandomSubTreeR|FellTreeD|AddTreeWithDiv|DivXD|SkipD|AddTreeWithAdd|DivXD|ReplaceBranchXR|MultXD|ReplaceBranchXR|AddTreeWithSub|DeleteTerminalR|AddTreeWithDiv|SubXD,DeleteTerminalR,DeleteTerminalR,0,0,1,1,4
1,(x),20,-10,-0.018880588201058198,0.00006932284717984239,-0.0184904,0.02,0.2798529497354498,82.98582104054748,0.3774,0,0.44994499449944997,1,0.5587345833507398,0.7199539776404819,93.56944444444444,3.3262316561844862,454.5,0,((((7)*(8))*((9)-((7)+(0))))+(((0)+(6))/((3)-((7)-(4))))),((((4)-((7)-(3)))/((9)-((x)/(1))))/(((0)-(x))/((x)*((x)-(x))))),AddXD|AddToLeafR|AddTreeWithSub|SkipD|AddRandomSubTreeR|AddXD|DeleteMaliciousR|DeleteTerminalR|SubXD|DeleteMaliciousR|AddTreeWithSub|MutateTerminalR|AddTreeWithSub|DivXD|AddTreeWithDiv,DeleteTerminalR|AddRandomSubTreeR|FellTreeD|AddTreeWithDiv|DivXD|SkipD|AddRandomSubTreeR|AddTreeWithSub|SubXD|DivXD|MultXD|AddTreeWithSub|DeleteTerminalR|AddTreeWithDiv|SubXD,AddTreeWithSub,SubXD,1,1,2,2,4
2,(x),20,-10,-0.019788786477411478,-0.005156359943578704,-0.01951666666666667,0.02,0.052803380647130665,0.6919915858318633,0.12083333333333333,0,0.140893470790378,0,0.4259174185791664,0,74.81455026455026,5,291,5,((((7)/(x))/((x)*((0)+(x))))+((7)+((x)*((4)*(7))))),(0),AddXD|AddToLeafR|DeleteTerminalR|SkipD|AddRandomSubTreeR|AddXD|DeleteMaliciousR|DeleteTerminalR|SubXD|AddTreeWithDiv|DeleteTerminalR|MutateNonTerminalR|DeleteMaliciousR|AddTreeWithMult|AddTreeWithDiv,SubXD|SubXD|SkipD|AddTreeWithAdd|DivXD|SkipD|AddRandomSubTreeR|AddTreeWithSub|SubXD|MultXD|ReplaceBranchXR|SubXD|AddTreeWithDiv|DeleteTerminalR|FellTreeD,DeleteTerminalR,SubXD,2,2,3,3,4
3,(x),20,-10,-0.01971851851851852,0.002928662793469566,-0.01951111111111111,0.02,0.07037037037037037,1.9965132946284374,0.12222222222222225,0,0.39555125725338497,0,0.5379208361941847,0,85.6138888888889,5,413.6,5,((((x)*(0))+((3)*((9)-(4))))-((4)/((x)*((7)+(x))))),(0),AddXD|AddToLeafR|DeleteTerminalR|SkipD|AddRandomSubTreeR|AddXD|DeleteMaliciousR|DeleteTerminalR|MutateNonTerminalR|AddTreeWithMult|AddTreeWithSub|MutateTerminalR|AddTreeWithSub|AddTreeWithMult|AddTreeWithDiv,SubXD|ReplaceBranchR|ReplaceBranchR|DivXD|DeleteMaliciousR|AddTreeWithAdd|AddRandomSubTreeR|AddTreeWithSub|SubXD|MultXD|ReplaceBranchXR|SubXD|AddTreeWithDiv|DeleteTerminalR|FellTreeD,DeleteTerminalR,SubXD,2,3,4,4,4
4,(x),20,-10,-0.01875163315696649,-0.010261799105310589,-0.01677,0.02,0.3120917107583775,3.3074258929303535,0.8075,0,-0.2462222222222225,1,0.270787849568606,0.7526737539606912,53.22931216931215,3.0736063998649867,188.44444444444437,0,((((x)-(9))*((3)*((0)-(1))))-(((8)+(3))*((1)+((5)/(9))))),((((0)+((0)+(1)))+(((8)*(5))*((9)/(9))))*(((3)+((0)-(6)))-((x)/((0)*((x)-(x)))))),AddXD|AddToLeafR|DeleteTerminalR|SkipD|AddRandomSubTreeR|AddXD|DeleteMaliciousR|DeleteTerminalR|MutateNonTerminalR|AddTreeWithMult|AddTreeWithSub|MutateTerminalR|AddTreeWithSub|AddTreeWithMult|AddTreeWithDiv,AddTreeWithSub|ReplaceBranchR|ReplaceBranchR|DivXD|DeleteMaliciousR|AddTreeWithAdd|DeleteMaliciousR|AddTreeWithMult|MutateNonTerminalR|AddRandomSubTreeR|DeleteTerminalR|SubXD|AddTreeWithMult|SkipD|AddTreeWithDiv,AddXD,AddTreeWithMult,4,4,5,5,4
5,(x),20,-10,-0.019161936507936506,-0.004419315192389283,-0.018146666666666665,0.02,0.20951587301587307,2.126896575767841,0.4633333333333334,0,0.7051191318707242,1,0.659432006380839,0.7403408761902044,162.75,4.040114457794434,847.8,0,((((2)/(x))-((6)-(0)))*((0)*((7)*((4)*(x))))),(((6)-((3)/(0)))-((0)*((4)/(9)))),AddXD|AddToLeafR|DeleteTerminalR|SkipD|AddRandomSubTreeR|AddXD|DeleteMaliciousR|DeleteTerminalR|MutateNonTerminalR|DeleteMaliciousR|MutateTerminalR|MutateTerminalR|AddTreeWithSub|AddTreeWithMult|AddTreeWithDiv,AddTreeWithSub|SubXD|SkipD|AddTreeWithAdd|DivXD|SkipD|DeleteMaliciousR|AddTreeWithMult|MutateNonTerminalR|AddRandomSubTreeR|DeleteTerminalR|SubXD|AddTreeWithMult|SkipD|AddTreeWithDiv,DeleteMaliciousR,SkipD,5,5,6,6,4
6,(x),20,-10,-0.019721597883597883,-0.007856077596192217,-0.019568,0.02,0.06960052910052911,10.495235077890868,0.10800000000000003,0,0.7237569060773481,1,0.7647338186175142,0.8611548382931452,255.07407407407405,7.846818783068784,905,0,((((x)*(4))*((6)-(4)))/((2)-((5)+((0)*(x))))),(((((2)-(x))+((0)*(7)))-(((5)+(1))/((0)*(8))))*(((7)+((2)*(0)))*((0)-((x)/((x)-(x)))))),AddXD|AddToLeafR|DeleteTerminalR|SkipD|AddRandomSubTreeR|AddXD|DeleteMaliciousR|DeleteTerminalR|MutateNonTerminalR|DeleteMaliciousR|MutateNonTerminalR|MultXD|AddTreeWithSub|AddTreeWithMult|AddTreeWithDiv,AddTreeWithSub|SubXD|SkipD|AddTreeWithAdd|DivXD|SkipD|DeleteMaliciousR|AddTreeWithMult|MutateNonTerminalR|AddRandomSubTreeR|DeleteTerminalR|SubXD|AddTreeWithMult|SkipD|AddTreeWithDiv,DeleteMaliciousR,SkipD,6,5,7,7,4
7,(x),20,-10,-0.01923161904761905,-0.011922952449209117,-0.018392,0.02,0.19209523809523812,0.6364845266850702,0.402,0,-0.48,1,0.17528558242881073,0.7654655446197431,43.55277777777778,6.666666666666667,130,0,((((3)-(0))+((x)*((3)*(4))))+((5)+((0)/((1)-(5))))),(((((0)*(3))*((6)-(3)))*(((6)+(5))*((0)-((5)+(5)))))-((((4)*(0))-((2)*(5)))-(((4)/(9))+((1)/((0)-(x)))))),AddXD|AddToLeafR|DeleteTerminalR|SkipD|AddRandomSubTreeR|AddXD|DeleteMaliciousR|DeleteTerminalR|MutateNonTerminalR|AddToLeafR|MutateNonTerminalR|MutateTerminalR|AddTreeWithSub|AddTreeWithMult|AddTreeWithDiv,AddTreeWithSub|SubXD|SkipD|AddTreeWithAdd|DivXD|SkipD|DeleteMaliciousR|AddTreeWithMult|MutateNonTerminalR|AddRandomSubTreeR|DeleteTerminalR|SubXD|AddTreeWithMult|SkipD|AddTreeWithDiv,AddXD,SkipD,7,7,8,8,4
8,(x),20,-10,-0.019417079365079363,-0.00013914190922797258,-0.018832,0.02,0.14573015873015877,4.954513090676884,0.292,0,0.23005851555281795,1,0.4779123007562951,0.6280095401861127,88.45347222222222,9.040286816578485,324.7,0,((((x)+(0))*((3)/((8)*(4))))-((0)*((x)*((x)-(8))))),(((((9)*(6))-((2)/(8)))*(((3)/(1))-((x)+(9))))*(((1)-((7)-(1)))*(((7)-(0))-((x)/((0)-(x)))))),AddXD|AddToLeafR|DeleteTerminalR|SkipD|AddRandomSubTreeR|AddXD|DeleteMaliciousR|DeleteTerminalR|MutateNonTerminalR|DeleteMaliciousR|MutateNonTerminalR|MultXD|AddTreeWithSub|AddTreeWithMult|AddTreeWithDiv,AddTreeWithSub|SubXD|SkipD|AddTreeWithAdd|DivXD|SkipD|DeleteMaliciousR|AddTreeWithMult|MutateNonTerminalR|AddRandomSubTreeR|DeleteTerminalR|SubXD|AddTreeWithMult|SkipD|AddTreeWithDiv,AddXD,SkipD,8,7,9,9,4
9,(x),20,-10,-0.01913494814814815,-0.00356125405891525,-0.018612,0.02,0.216262962962963,1.5807147146636433,0.3470000000000001,0,0.9480249480249481,1,0.8381854202145121,0.8676316243041599,1012.1777777777778,26.569039682539685,4810,0,((((0)/(3))-((5)*((9)*(8))))-((8)*((3)*((x)-(x))))),(((((7)/(0))*((5)+(9)))/(((3)+(3))*((8)*((9)*(0)))))+((((0)*(3))*((7)*(0)))-(((4)*(2))-((x)/((x)-(x)))))),AddXD|AddToLeafR|DeleteTerminalR|SkipD|AddRandomSubTreeR|AddXD|DeleteMaliciousR|DeleteTerminalR|MutateNonTerminalR|AddToLeafR|MutateNonTerminalR|MutateTerminalR|AddTreeWithSub|AddTreeWithMult|AddTreeWithDiv,AddTreeWithSub|SubXD|SkipD|AddTreeWithAdd|DivXD|SkipD|DeleteTerminalR|AddTreeWithMult|MutateNonTerminalR|AddRandomSubTreeR|DeleteTerminalR|SubXD|AddTreeWithMult|SkipD|AddTreeWithDiv,AddXD,SkipD,9,9,10,10,4
10,(x),20,-10,-0.018366984126984124,-0.010418136884918695,-0.014773333333333331,0.02,0.4082539682539683,0.8383842394179895,1.3066666666666669,0,0.6598639455782312,1,0.6517871078228968,0.59814491865399,136.5,1.558068783068783,735,0,((((4)*(7))+((4)/((4)*(x))))*((5)+((x)*((8)-(9))))),(((((8)*(0))*((2)-(4)))-(((1)-(4))*((7)-((5)+(5)))))-((((5)/(5))*((6)*(0)))*(((0)-(7))/((8)/((x)-(x)))))),AddXD|AddToLeafR|DeleteTerminalR|SkipD|AddRandomSubTreeR|AddXD|DeleteMaliciousR|DeleteTerminalR|MutateNonTerminalR|DeleteMaliciousR|MutateNonTerminalR|MultXD|AddTreeWithSub|AddTreeWithMult|AddTreeWithDiv,AddTreeWithSub|SubXD|SkipD|AddTreeWithAdd|DivXD|SkipD|DeleteTerminalR|AddTreeWithMult|MutateNonTerminalR|AddRandomSubTreeR|DeleteTerminalR|SubXD|AddTreeWithMult|SkipD|AddTreeWithDiv,DeleteMaliciousR,SkipD,10,10,11,11,4
11,(x),20,-10,-0.017294666666666667,-0.0046199839616171785,-0.00924,0.02,0.6763333333333335,1.7854571437757203,2.69,0,0.9027237354085603,1,0.720031707801934,0.6349471844474255,458.62222222222226,9.015707266586299,2570,0,((((8)*(4))*((4)*((8)-(6))))*(((0)-(4))/((2)+((x)*(x))))),(((((4)*(4))*((0)+(x)))+(((8)/(5))*((1)*((0)-(6)))))*((((x)+(9))/((5)+(4)))*(((x)-(2))-((x)/((x)-(x)))))),AddXD|AddToLeafR|DeleteTerminalR|AddTreeWithSub|AddRandomSubTreeR|AddXD|DeleteMaliciousR|DeleteTerminalR|MutateNonTerminalR|DeleteMaliciousR|MutateNonTerminalR|MultXD|AddTreeWithSub|AddTreeWithMult|AddTreeWithDiv,AddTreeWithSub|SubXD|SkipD|AddTreeWithAdd|DivXD|SkipD|DeleteTerminalR|AddTreeWithMult|MutateNonTerminalR|AddRandomSubTreeR|DeleteTerminalR|SubXD|AddTreeWithMult|SkipD|AddTreeWithDiv,AddTreeWithSub,SkipD,11,11,12,12,4
12,(x),20,-10,-0.018712148148148148,-0.014493760742548734,-0.01532,-0.008732326891868423,0.3219629629629629,8.413084165741042,1.17,0.17749893707482994,0.17864476386036962,1,0.5412638223317386,0.7378099235038582,112.14583333333333,5.867555416402649,304.375,0,((((x)*(1))/((8)-((0)+(8))))-((1)*((9)+((x)*(x))))),(((((2)*(0))+((1)/(0)))-(((2)-(0))+((4)+(9))))*(((0)*((x)-(2)))+(((8)*(6))/((x)/((8)-(x)))))),AddXD|AddToLeafR|DeleteTerminalR|SkipD|AddRandomSubTreeR|AddXD|DeleteMaliciousR|DeleteTerminalR|MutateNonTerminalR|DeleteMaliciousR|MutateNonTerminalR|MultXD|AddTreeWithSub|AddTreeWithMult|AddTreeWithDiv,ReplaceBranchXR|SubXD|SkipD|AddTreeWithAdd|DivXD|SkipD|DeleteTerminalR|AddTreeWithMult|MutateNonTerminalR|AddRandomSubTreeR|DeleteTerminalR|SubXD|AddTreeWithMult|SkipD|AddTreeWithDiv,AddXD,SkipD,12,12,13,13,4
13,(x),20,-10,-0.014966666666666668,-0.016617522865932103,-0.0036,0.02,1.2583333333333333,6.1550281084656095,4.1,0,0.8756528226809251,1,0.816005065558523,0.6220926330877912,593.6111111111111,1.75,2010.5,0,((((x)*(8))*((5)-((3)+(5))))+((2)/((4)+((0)*(x))))),((((2)*((0)+(9)))-(((4)+(9))*((6)*(2))))/(((8)-((8)-(8)))-((9)*((1)/((0)-(x)))))),AddXD|AddToLeafR|DeleteTerminalR|SkipD|AddRandomSubTreeR|AddXD|DeleteMaliciousR|DeleteTerminalR|MutateNonTerminalR|DivXD|MutateNonTerminalR|MultXD|AddTreeWithSub|AddTreeWithMult|AddTreeWithDiv,AddTreeWithSub|SubXD|SkipD|AddTreeWithAdd|DivXD|SkipD|DeleteTerminalR|AddTreeWithMult|MutateNonTerminalR|AddRandomSubTreeR|DeleteTerminalR|SubXD|AddTreeWithMult|SkipD|AddTreeWithDiv,AddXD,SkipD,13,13,14,14,4
14,(x),20,-10,-0.01827333333333333,-0.007721526286183362,-0.01468,0.02,0.43166666666666664,0.7849342929185561,1.33,0,0.9905193500066365,1,0.7155982611688853,0.818129671450808,4463.368055555556,5.832430008263341,26369.5,0,((((x)*(0))-((5)*((9)*(4))))/((1)*((4)-((x)*(x))))),(((((0)+(0))*((8)-(x)))*(((8)/(x))*((9)-((x)*(0)))))+((((2)-(0))+((3)/(9)))*(((x)-(6))+((4)/((0)-(x)))))),AddXD|AddToLeafR|DeleteTerminalR|SkipD|AddRandomSubTreeR|AddXD|DeleteMaliciousR|DeleteTerminalR|MutateNonTerminalR|DeleteMaliciousR|MutateNonTerminalR|MultXD|AddTreeWithSub|AddTreeWithMult|AddTreeWithDiv,AddTreeWithSub|SubXD|SkipD|AddTreeWithAdd|AddToLeafR|SkipD|DeleteTerminalR|AddTreeWithMult|MutateNonTerminalR|AddRandomSubTreeR|DeleteTerminalR|SubXD|AddTreeWithMult|SkipD|AddTreeWithDiv,DeleteTerminalR,SkipD,14,14,15,15,4
15,(x),20,-10,-0.018481375661375657,-0.013212172279491174,-0.01596711111111111,0.02,0.37965608465608464,35.31495368260267,1.0082222222222224,0,0.9569485104184605,1,0.8990034138624009,0.8151869377200944,1228.9875,5.984670965608466,5807,0,((((x)+(5))*((8)*(4)))-((5)/((5)*((7)*(7))))),((((6)+((6)*(8)))/(((0)*(0))-((9)*(5))))-(((1)/(8))-((0)+((7)*((4)-(x)))))),AddXD|SkipD|DeleteTerminalR|SkipD|AddRandomSubTreeR|AddXD|DeleteMaliciousR|DeleteTerminalR|MutateNonTerminalR|DeleteMaliciousR|MutateTerminalR|MultXD|AddTreeWithSub|AddTreeWithMult|AddTreeWithDiv,AddTreeWithSub|SubXD|SkipD|AddTreeWithAdd|DivXD|SkipD|DeleteTerminalR|AddTreeWithMult|MutateNonTerminalR|AddRandomSubTreeR|DeleteTerminalR|SubXD|AddTreeWithMult|SkipD|AddTreeWithDiv,DeleteTerminalR,SkipD,15,15,16,16,4
16,(x),20,-10,-0.012026603174603174,-0.01594270996991269,-0.00316,0.02,1.9933492063492062,6.254612153186257,4.21,0,0.9563509384548232,1,0.7404238397720961,0.8386595263488774,988.3993055555555,10.34856965702948,5727.5,0,((((x)*(9))-((x)/(3)))*((9)*((2)-((0)*(x))))),((((0)+((6)+(x)))-(((x)*(0))*((5)+(2))))/(((4)-((6)*(2)))*((x)/((3)*((0)-(x)))))),AddXD|AddToLeafR|DeleteTerminalR|SkipD|AddRandomSubTreeR|AddXD|DeleteMaliciousR|DeleteTerminalR|MutateNonTerminalR|DeleteMaliciousR|MutateNonTerminalR|MultXD|AddTreeWithSub|AddTreeWithMult|AddTreeWithDiv,AddTreeWithSub|SubXD|SkipD|AddTreeWithAdd|DivXD|SkipD|DeleteTerminalR|AddTreeWithMult|MutateNonTerminalR|AddRandomSubTreeR|DeleteTerminalR|SubXD|AddTreeWithMult|SkipD|AddTreeWithDiv,MutateNonTerminalR,SkipD,16,16,17,17,4
17,(x),20,-10,-0.01837777777777778,-0.008416444325832809,-0.016864,0.02,0.40555555555555556,305.8010887463257,0.784,0,0.9914354230900994,1,0.759354710969571,0.7842631359342893,4894.138888888889,4.423189331471229,29190,0,((((9)*(8))*((9)*((9)+(6))))-((6)+((7)/((1)*(x))))),(((((9)+(9))*((x)/(0)))+(((0)*(6))-((9)+((7)*(2)))))*((((6)*(5))*((0)-(4)))*(((5)-(5))/((x)-((4)/(0)))))),AddXD|AddToLeafR|DeleteTerminalR|SkipD|AddRandomSubTreeR|AddXD|DeleteMaliciousR|DeleteTerminalR|MutateNonTerminalR|DeleteMaliciousR|MutateNonTerminalR|MultXD|AddTreeWithSub|AddTreeWithMult|AddTreeWithDiv,AddTreeWithSub|SubXD|SkipD|AddTreeWithAdd|DivXD|SkipD|DeleteTerminalR|AddTreeWithMult|MutateNonTerminalR|AddRandomSubTreeR|DeleteTerminalR|SubXD|AddTreeWithMult|SkipD|SkipD,DeleteTerminalR,SkipD,17,17,18,18,4
18,(x),20,-10,-0.015283636363636364,0.003229728939102599,0.0018181818181818182,0.02,1.1866666666666668,25.32392619047619,5.5,0,0.9536393138618452,1,0.737694372232835,0.797252818457636,1040.7916666666667,4.8512600968522674,5392.5,0,((((3)*(8))*((9)*((6)+(6))))-((7)+((x)/((2)*(x))))),(((((9)+(1))-((0)+(0)))*(((9)*(8))*((5)+((0)+(7)))))/((((5)+(x))*((x)/(1)))*(((2)-(2))-((x)/((x)-(x)))))),AddXD|AddToLeafR|DeleteTerminalR|SkipD|AddRandomSubTreeR|AddXD|DeleteMaliciousR|DeleteTerminalR|MutateNonTerminalR|DeleteMaliciousR|MutateNonTerminalR|MultXD|AddTreeWithSub|AddTreeWithMult|AddTreeWithDiv,AddTreeWithSub|SubXD|SkipD|AddTreeWithAdd|DivXD|SkipD|DeleteTerminalR|AddTreeWithMult|MutateNonTerminalR|AddRandomSubTreeR|DeleteTerminalR|SubXD|AddTreeWithMult|SkipD|AddTreeWithDiv,AddXD,SkipD,18,18,19,19,4
19,(x),20,-10,-0.013858666666666668,0.0019074407231791215,-0.0052,0.02,1.5353333333333332,0.82246550558495,3.7,0,0.7718978102189781,1,0.8550003126927754,0.7401562995530215,305.38888888888886,2.968291666666667,1096,0,((((9)*(8))+((0)*((0)+(1))))-((0)/((x)*((x)*(x))))),(((((x)*(1))+((8)/(0)))*(((0)/(1))+((0)-(x))))-(((6)*((7)+(1)))-(((2)*(4))*((4)/((x)-(x)))))),AddXD|AddToLeafR|DeleteTerminalR|SkipD|AddRandomSubTreeR|AddXD|DeleteMaliciousR|DeleteTerminalR|MutateNonTerminalR|DeleteMaliciousR|MutateNonTerminalR|MultXD|AddTreeWithSub|AddTreeWithMult|AddTreeWithDiv,AddTreeWithSub|SubXD|SkipD|AddTreeWithAdd|DivXD|SkipD|DeleteTerminalR|AddTreeWithMult|MutateNonTerminalR|AddRandomSubTreeR|DeleteTerminalR|SubXD|AddTreeWithMult|SkipD|AddTreeWithDiv,DeleteMaliciousR,SkipD,19,19,20,20,4
20,(x),20,-10,-0.01917728835978836,0.007431400663106652,-0.016824000000000002,0.02,0.20567791005291006,3.272002380952381,0.794,0,0.8681851734683117,1,0.6945078664462974,0.8671276465623533,381.097619047619,6.063896062179779,1896.6,0,((((0)+(0))-((9)-((8)/(5))))+((8)*((8)*((x)*(x))))),(((((5)+(4))+((0)+(8)))*(((9)*(6))/((5)-((5)-(0)))))+((((4)*(7))-((5)*(x)))/(((2)*(0))-((x)/((x)-(x)))))),AddXD|AddToLeafR|DeleteTerminalR|SkipD|AddRandomSubTreeR|AddXD|DeleteMaliciousR|DeleteTerminalR|MutateNonTerminalR|DeleteMaliciousR|MutateNonTerminalR|MultXD|AddTreeWithSub|AddTreeWithMult|AddTreeWithDiv,AddTreeWithSub|SubXD|SkipD|AddTreeWithAdd|DivXD|SkipD|DeleteTerminalR|AddTreeWithMult|MutateNonTerminalR|AddRandomSubTreeR|DeleteTerminalR|SubXD|AddTreeWithMult|SkipD|AddTreeWithDiv,AddXD,SkipD,19,20,21,21,4
21,(x),20,-10,-0.017874603174603175,-0.009452403847564038,-0.011333333333333332,0.02,0.5313492063492063,16.34287521293011,2.166666666666667,0,0.7409192186123633,1,0.615524963098638,0.7934503488498333,291.12896825396825,4.311904761904761,964.9499999999998,0,((((6)+(1))-((0)+((x)*(4))))+((7)/((6)*((x)*(x))))),(((((2)+(2))/((0)+(0)))-(((4)-(6))-((9)*(4))))*(((6)*((x)-(x)))+((7)/((3)-((x)*(8)))))),AddXD|AddToLeafR|DeleteTerminalR|SkipD|AddRandomSubTreeR|AddXD|DeleteMaliciousR|DeleteTerminalR|MutateNonTerminalR|DeleteMaliciousR|MutateNonTerminalR|MultXD|AddTreeWithSub|AddTreeWithMult|AddTreeWithDiv,AddTreeWithSub|SubXD|SkipD|AddTreeWithAdd|DivXD|SkipD|DeleteTerminalR|AddTreeWithMult|MutateNonTerminalR|AddRandomSubTreeR|DeleteTerminalR|SubXD|AddTreeWithMult|SkipD|AddTreeWithDiv,AddXD,SkipD,20,21,22,22,4
22,(x),20,-10,-0.01852272222222222,-0.0038303318167690237,-0.0169,0.02,0.3693194444444445,11.89403732804233,0.775,0,0.5454028866916695,1,0.586293589626378,0.7503660146117263,163.02847222222223,4.023818673955945,549.9375,0,((((7)+(2))*((x)-((3)*(9))))-((9)/((4)+((0)*(x))))),(((((8)*(8))/((8)*(0)))+(((2)+(x))*((7)+((2)*(4)))))-(((4)-((0)/(3)))+(((x)*(x))-((x)/((0)-(x)))))),AddXD|AddToLeafR|DeleteTerminalR|SkipD|AddRandomSubTreeR|AddXD|DeleteMaliciousR|DeleteTerminalR|MutateNonTerminalR|DeleteMaliciousR|MutateNonTerminalR|MultXD|AddTreeWithSub|AddTreeWithMult|AddTreeWithDiv,AddTreeWithSub|SubXD|SkipD|AddTreeWithAdd|DivXD|SkipD|DeleteTerminalR|AddTreeWithMult|MutateNonTerminalR|AddRandomSubTreeR|DeleteTerminalR|SubXD|AddTreeWithMult|SkipD|AddTreeWithDiv,DeleteMaliciousR,SkipD,22,21,23,23,4
23,(x),20,-10,-0.014612843304843305,0.0020916586429978244,0.004615384615384616,0.02,1.4044814814814814,52.61481420890937,6.5,0,0.87468671679198,1,0.748926842358348,0.695698663170968,345.15000000000003,13.461474811676078,1995,0,((((3)-(5))-((6)+((5)/(3))))*((9)*((7)-((x)*(x))))),(((((x)-(0))/((1)-(4)))-(((3)+(8))/((x)+((8)+(2)))))*(((3)*((0)*(6)))-(((1)+(6))*((6)/((0)-(x)))))),AddXD|AddToLeafR|DeleteTerminalR|SkipD|AddRandomSubTreeR|AddXD|DeleteMaliciousR|DeleteTerminalR|MutateNonTerminalR|DeleteMaliciousR|MutateNonTerminalR|MultXD|AddTreeWithSub|AddTreeWithMult|AddTreeWithDiv,AddTreeWithSub|SubXD|SkipD|AddTreeWithAdd|DivXD|SkipD|DeleteTerminalR|AddTreeWithMult|MutateNonTerminalR|AddRandomSubTreeR|DeleteTerminalR|SubXD|AddTreeWithMult|SkipD|AddTreeWithDiv,DeleteMaliciousR,SkipD,23,22,24,24,4
24,(x),20,-10,-0.019098864197530863,-0.00401097997431119,-0.0161,0.02,0.22528395061728393,13.110317857142856,0.975,0,0.6376811594202898,1,0.742012232764707,0.831552716175966,259.5380952380952,5.365072804580879,690,0,((((5)*(2))*((7)/((2)*(5))))-((1)+((0)+((x)*(x))))),(((((1)-(x))-((1)-(8)))*(((8)/(0))+((3)+((3)/(5)))))-(((0)/((0)+(x)))-(((3)+(8))*((4)/((x)-(x)))))),AddXD|AddToLeafR|DeleteTerminalR|SkipD|AddRandomSubTreeR|AddXD|DeleteMaliciousR|DeleteTerminalR|MutateNonTerminalR|DeleteMaliciousR|MutateNonTerminalR|MultXD|AddTreeWithSub|AddTreeWithMult|AddTreeWithDiv,AddTreeWithSub|SubXD|SkipD|AddTreeWithAdd|DivXD|SkipD|DeleteTerminalR|AddTreeWithMult|MutateNonTerminalR|AddRandomSubTreeR|DeleteTerminalR|SubXD|AddTreeWithMult|SkipD|AddTreeWithDiv,AddXD,SkipD,24,23,25,25,4
25,(x),20,-10,-0.01489238095238095,0.0033021339462360137,-0.0076,0.02,1.276904761904762,14.212294590891913,3.1,0,0.8842860448970146,1,0.7022216661070834,0.8491686747788285,398.5333333333333,5.83994598765432,2160.5,0,((((7)/(6))+((6)-((3)*(8))))+((1)-((x)*((9)*(9))))),(((((x)/(7))*((6)+(0)))+(((9)*(3))-((5)/((0)+(0)))))+(((6)+((x)-(4)))-(((x)-(8))*((2)/((x)-(x)))))),AddXD|AddToLeafR|DeleteTerminalR|SkipD|AddRandomSubTreeR|AddXD|DeleteMaliciousR|DeleteTerminalR|MutateNonTerminalR|DeleteMaliciousR|MutateNonTerminalR|MultXD|AddTreeWithSub|AddTreeWithMult|AddTreeWithDiv,DeleteTerminalR|SubXD|SkipD|AddTreeWithAdd|DivXD|SkipD|DeleteTerminalR|AddTreeWithMult|MutateNonTerminalR|AddRandomSubTreeR|DeleteTerminalR|SubXD|AddTreeWithMult|SkipD|AddTreeWithDiv,DeleteTerminalR,SkipD,25,25,26,26,4
26,(x),20,-10,-0.018699999999999998,-0.009734581811508542,-0.015600000000000001,0.02,0.325,3.619701242913832,1.1,0,0.8214604534904482,1,0.692799524539339,0.7253768847649594,264.6561904761905,3.7639467592592593,1400.25,0,((((0)+(3))/((x)-((1)-(7))))*((x)*((7)-((9)*(x))))),(((((5)*(6))-((8)-(1)))+(((5)-(x))*((0)-((0)+(5)))))*((((5)*(x))*((3)/(8)))-(((8)*(3))/((0)-((x)/(6)))))),AddXD|AddToLeafR|DeleteTerminalR|SkipD|AddRandomSubTreeR|AddXD|DeleteMaliciousR|DeleteTerminalR|MutateNonTerminalR|DeleteMaliciousR|MutateNonTerminalR|MultXD|AddTreeWithSub|AddTreeWithMult|AddTreeWithDiv,AddRandomSubTreeR|SubXD|SkipD|AddTreeWithAdd|DivXD|SkipD|DeleteTerminalR|AddTreeWithMult|MutateNonTerminalR|AddRandomSubTreeR|DeleteTerminalR|SubXD|AddTreeWithMult|SkipD|AddTreeWithDiv,MutateNonTerminalR,SkipD,25,25,27,27,4
27,(x),20,-10,-0.013726349206349207,-0.003639877722694598,-0.0011200000000000001,0.02,1.5684126984126985,1.458411337736338,4.72,0,0.9758141977569396,1,0.8880376446259471,0.9072884816252456,1889.4988095238095,10.335456349206348,10336.642857142857,0,((((x)*(5))/((7)+((5)-(7))))-((9)*((x)*((5)*(6))))),(((((x)-(4))*((5)/(8)))+(((0)-(7))*((3)/((0)+(0)))))*((((6)-(7))*((6)*(2)))-(((7)*(x))-((x)/((x)-(x)))))),AddXD|AddToLeafR|DeleteTerminalR|SkipD|AddRandomSubTreeR|AddXD|DeleteMaliciousR|DeleteTerminalR|MutateNonTerminalR|DeleteMaliciousR|MutateNonTerminalR|MultXD|AddTreeWithSub|AddTreeWithMult|AddTreeWithDiv,AddTreeWithSub|SubXD|SkipD|AddTreeWithAdd|DivXD|SkipD|DeleteTerminalR|AddTreeWithMult|MutateNonTerminalR|AddRandomSubTreeR|DeleteTerminalR|SubXD|AddTreeWithMult|SkipD|AddTreeWithDiv,MutateNonTerminalR,SkipD,27,27,28,28,4
28,(x),20,-10,-0.018659333333333333,-0.003125198019934917,-0.0168,0.02,0.33516666666666667,1.640120711905387,0.8,0,0.8245737141253244,1,0.7028601732842329,0.84818803221609,262.31190476190466,6.474644982993198,1425.0999999999995,0,((((8)*(9))+((0)-((0)+(0))))*((1)/((5)-((5)*(4))))),((((3)-((8)-(1)))/((0)*((1)*(0))))*(((x)-(5))/((8)/((x)-(x))))),AddXD|AddToLeafR|DeleteTerminalR|SkipD|AddRandomSubTreeR|AddXD|DeleteMaliciousR|DeleteTerminalR|MutateNonTerminalR|DeleteMaliciousR|MutateNonTerminalR|MultXD|AddTreeWithSub|AddTreeWithMult|AddTreeWithDiv,AddTreeWithSub|SubXD|SkipD|AddTreeWithAdd|DivXD|SkipD|DeleteTerminalR|AddTreeWithMult|MutateNonTerminalR|AddRandomSubTreeR|DeleteTerminalR|SubXD|AddTreeWithMult|SkipD|AddTreeWithDiv,DeleteMaliciousR,SkipD,28,28,29,29,4
29,(x),20,-10,-0.015650236772486774,-0.013304918190798319,-0.0064,0.02,1.0874408068783068,0.5982280900940623,3.4,0,0.9765681748951426,1,0.9325734102424256,0.7173410233614339,2083.233333333333,2.794122574955908,10669.25,0,((((0)-(7))*((7)*((7)-(1))))/((2)+((0)*((x)*(x))))),(((((0)-(0))-((0)+(6)))/(((9)*(4))*((5)+((3)+(0)))))*(((6)*((5)-(0)))-(((8)*(3))/((9)/((0)-(x)))))),AddXD|AddToLeafR|DeleteTerminalR|SkipD|AddRandomSubTreeR|AddXD|DeleteMaliciousR|DeleteTerminalR|MutateNonTerminalR|DeleteMaliciousR|MutateNonTerminalR|MultXD|AddTreeWithSub|AddTreeWithMult|AddTreeWithDiv,AddTreeWithSub|SubXD|SkipD|AddTreeWithAdd|DivXD|SkipD|DeleteTerminalR|AddTreeWithMult|MutateNonTerminalR|AddRandomSubTreeR|DeleteTerminalR|SubXD|AddTreeWithMult|SkipD|AddTreeWithDiv,DeleteTerminalR,SkipD,29,28,30,30,4
30,(x),20,-10,-0.014913333333333334,-0.0034258493793473035,-0.00248,0.02,1.2716666666666667,135.82288296537752,4.38,0,0.8158040154724627,1,0.7097481633192328,0.935838303904024,255.6527777777778,47.72610742845118,1357.25,0,((((3)/(6))+((5)-((1)+(x))))*((0)*((9)*((x)*(x))))),(((((4)-(8))/((3)+(0)))*(((4)+(0))*((4)+((x)*(9)))))-(((3)*((4)+(x)))/(((0)-(0))/((0)*((1)-(x)))))),AddXD|AddToLeafR|DeleteTerminalR|SkipD|AddRandomSubTreeR|DeleteMaliciousR|DeleteMaliciousR|DeleteTerminalR|MutateNonTerminalR|DeleteMaliciousR|MutateNonTerminalR|MultXD|AddTreeWithSub|AddTreeWithMult|AddTreeWithDiv,AddTreeWithSub|SubXD|SkipD|AddTreeWithAdd|DivXD|SkipD|DeleteTerminalR|AddTreeWithMult|MutateNonTerminalR|AddRandomSubTreeR|DeleteTerminalR|SubXD|AddTreeWithMult|SkipD|AddTreeWithDiv,DeleteMaliciousR,SkipD,30,30,31,31,4
31,(x),20,-10,-0.017439015873015874,-0.002427812977114209,-0.009568,0.02,0.6402460317460317,4.2138935185185185,2.608,0,0.7666822211852543,1,0.6800631356812931,0.813058143158128,278.07916666666665,8.666918307953848,1071.5,0,((((2)*(1))-((6)*(4)))/((5)*((x)*((4)*(x))))),(((x)/((0)-(6)))*((9)/((x)-(x)))),AddXD|AddToLeafR|DeleteTerminalR|SkipD|AddRandomSubTreeR|AddXD|DeleteMaliciousR|DeleteTerminalR|MutateNonTerminalR|DeleteMaliciousR|MutateNonTerminalR|MultXD|AddTreeWithSub|AddTreeWithMult|AddTreeWithDiv,AddTreeWithSub|SubXD|SkipD|AddTreeWithAdd|DivXD|SkipD|DeleteTerminalR|AddTreeWithMult|MutateNonTerminalR|AddRandomSubTreeR|DeleteTerminalR|SubXD|AddTreeWithMult|SkipD|AddTreeWithDiv,DeleteTerminalR,SkipD,31,31,32,32,4
32,(x),20,-10,-0.019810505291005292,-0.004847207833088005,-0.019185,0.02,0.04737367724867725,3.868248483560091,0.20374999999999996,0,0.9064546304957904,1,0.869969696853142,0.6573870742305783,570.1388888888889,11.29377554041344,2672.5,0,((((6)-(7))/((4)*((3)-(0))))+((0)*((7)*((6)*(x))))),(((((3)*(2))+((0)-(6)))-(((0)/(2))-((0)*((0)*(5)))))/(((2)*((2)-(6)))*(((0)+(3))/((x)+((1)-(x)))))),AddTreeWithDiv|AddToLeafR|DeleteTerminalR|SkipD|AddRandomSubTreeR|AddXD|DeleteMaliciousR|DeleteTerminalR|MutateNonTerminalR|DeleteMaliciousR|MutateNonTerminalR|MultXD|AddTreeWithSub|AddTreeWithMult|AddTreeWithDiv,AddTreeWithSub|SubXD|SkipD|AddTreeWithAdd|DivXD|SkipD|DeleteTerminalR|AddTreeWithMult|MutateNonTerminalR|AddRandomSubTreeR|DeleteTerminalR|SubXD|AddTreeWithMult|SkipD|AddTreeWithDiv,DeleteMaliciousR,SkipD,32,32,33,33,4
33,(x),20,-10,-0.019046571428571427,-0.015445291910368659,-0.01728,0.02,0.23835714285714285,2.854829061161502,0.68,0,0.9488909332515588,1,0.8548647892204948,0.7850912169848742,1274.1796296296295,6.955233415018566,4891.5,0,((((6)*(5))*((5)/((1)-(0))))-((8)-((4)*((x)*(x))))),(((((1)-(0))+((0)-(0)))+(((7)*(1))/((7)/(2))))+(((3)*((5)*(0)))*((1)-((x)/((0)-(x)))))),AddXD|AddToLeafR|DeleteTerminalR|SkipD|AddRandomSubTreeR|AddXD|DeleteMaliciousR|DeleteTerminalR|MutateNonTerminalR|DeleteMaliciousR|MutateNonTerminalR|MultXD|AddTreeWithSub|AddTreeWithMult|AddTreeWithDiv,AddTreeWithSub|SubXD|SkipD|AddTreeWithAdd|DivXD|SkipD|DeleteTerminalR|AddTreeWithMult|MutateNonTerminalR|AddRandomSubTreeR|DeleteTerminalR|SubXD|AddTreeWithMult|SkipD|AddTreeWithDiv,AddXD,SkipD,33,31,34,34,4
34,(x),20,-10,-0.018150000000000003,-0.011943946899858433,-0.01608,-0.00969297330725492,0.4625,51.04313244079113,0.98,0.19404238095238097,0.7912142976448973,1,0.6476489967622732,0.7726828570466866,267.30833333333334,4.493308531746032,1197.4,0,((((5)-(0))*((0)-((x)-(1))))+((5)/((1)*((5)*(9))))),(((((4)*(9))*((8)*(5)))-(((2)*(x))-((5)*((0)-(0)))))*((((7)+(2))+((8)/(0)))*(((8)/(5))-((x)/((x)-(x)))))),AddXD|AddToLeafR|DeleteTerminalR|SkipD|AddRandomSubTreeR|AddXD|DeleteMaliciousR|DeleteTerminalR|MutateNonTerminalR|DeleteMaliciousR|MutateNonTerminalR|MultXD|AddTreeWithSub|AddTreeWithMult|AddTreeWithDiv,AddTreeWithSub|SubXD|SkipD|AddTreeWithAdd|DivXD|SkipD|DeleteTerminalR|AddTreeWithMult|MutateNonTerminalR|AddRandomSubTreeR|DeleteTerminalR|DeleteNonTerminalR|AddTreeWithMult|SkipD|AddTreeWithDiv,MutateNonTerminalR,SkipD,34,34,35,35,4
35,(x),20,-10,-0.01934814814814815,-0.016218807738905675,-0.017333333333333333,-0.010555555555555556,0.16296296296296298,7.197207296427345,0.6666666666666667,0.21176470588235297,0.7046226554423276,1,0.6420066245241614,0.40416580755922443,248.92083333333335,0.8250000000000001,846.375,0,((((9)-(2))-((8)*((x)*(7))))/((4)-((x)+((0)*(x))))),((((1)/((0)/(5)))*(((x)/(4))-((0)*(8))))*(((3)*((9)*(7)))*((0)-((8)-((x)*(x)))))),AddXD|AddToLeafR|DeleteTerminalR|SkipD|AddRandomSubTreeR|AddXD|DeleteMaliciousR|DeleteTerminalR|ReplaceBranchXR|DeleteMaliciousR|MutateNonTerminalR|MultXD|AddTreeWithSub|AddTreeWithMult|AddTreeWithDiv,AddTreeWithSub|SubXD|SkipD|AddTreeWithAdd|DivXD|SkipD|DeleteTerminalR|AddTreeWithMult|MutateNonTerminalR|AddRandomSubTreeR|DeleteTerminalR|DeleteNonTerminalR|AddTreeWithMult|SkipD|AddTreeWithDiv,AddXD,SkipD,35,34,36,36,4
36,(x),20,-10,-0.017482333333333332,0.0024015594794636907,-0.010894000000000001,0.02,0.6294166666666666,0.31403581380891454,2.2765,0,0.820839902536907,1,0.7016565881699434,0.6070537450801136,346.44629629629634,1.624342543601803,1395.4,0,((((3)*(9))*((6)/((1)+(0))))-((0)+((0)*((8)-(x))))),(((((9)+(0))+((0)*(2)))-(((2)*(6))*((0)-(5))))/(((8)-((1)*(x)))*((x)-((x)/((0)-(x)))))),AddXD|AddToLeafR|DeleteTerminalR|SkipD|AddRandomSubTreeR|AddXD|DeleteMaliciousR|DeleteTerminalR|MutateNonTerminalR|DeleteMaliciousR|MutateNonTerminalR|MultXD|AddTreeWithSub|AddTreeWithMult|AddTreeWithDiv,AddTreeWithSub|SubXD|SkipD|AddTreeWithAdd|DivXD|SkipD|DeleteTerminalR|AddTreeWithMult|MutateNonTerminalR|AddRandomSubTreeR|DeleteTerminalR|SubXD|AddTreeWithMult|SkipD|AddTreeWithDiv,MutateNonTerminalR,SkipD,36,36,37,37,4
37,(x),20,-10,-0.019578666666666668,-0.004578097314457021,-0.01952,0.02,0.10533333333333333,7.149834021881793,0.12,0,0.8676898650436623,1,0.6535504977115966,0.5163977794943223,383.8706349206349,1.6666666666666667,1889.5,0,((((x)+(4))+((8)*((6)*(4))))-((x)+((8)/((8)*(x))))),(((0)-((0)/(1)))/((0)*(9))),AddXD|AddToLeafR|DeleteTerminalR|SkipD|AddRandomSubTreeR|AddXD|DeleteMaliciousR|DeleteTerminalR|MutateNonTerminalR|DeleteMaliciousR|MutateNonTerminalR|MultXD|AddTreeWithSub|AddTreeWithMult|AddTreeWithDiv,AddTreeWithSub|SubXD|SkipD|AddTreeWithAdd|DivXD|SkipD|DeleteTerminalR|AddTreeWithMult|MutateNonTerminalR|AddRandomSubTreeR|DeleteTerminalR|DeleteNonTerminalR|AddTreeWithMult|SkipD|SubXD,AddXD,SkipD,37,37,38,38,4
38,(x),20,-10,-0.016045333333333335,-0.015043259697181774,-0.004079999999999999,0.02,0.9886666666666667,0.9725709788359787,3.98,0,0.8782998136248574,1,0.752048384404182,0.6695041372313552,401.2785714285714,4.812953042328043,2054.2285714285713,0,((((x)*(1))*((x)*(x)))-((0)*((3)/((7)-(x))))),(((((x)-(4))-((6)+(0)))/(((1)/(0))-((4)*(x))))-(((7)-((0)*(0)))-(((2)*(2))-((x)/((x)-(x)))))),AddXD|DeleteMaliciousR|DeleteTerminalR|SkipD|AddRandomSubTreeR|AddXD|DeleteMaliciousR|DeleteTerminalR|MutateNonTerminalR|DeleteMaliciousR|MutateNonTerminalR|MultXD|AddTreeWithSub|AddTreeWithMult|AddTreeWithDiv,AddTreeWithSub|SubXD|SkipD|AddTreeWithAdd|DivXD|SkipD|DeleteTerminalR|AddTreeWithMult|MutateNonTerminalR|AddRandomSubTreeR|DeleteTerminalR|DeleteNonTerminalR|AddTreeWithMult|SkipD|AddTreeWithDiv,DeleteMaliciousR,SkipD,37,38,39,39,4
39,(x),20,-10,-0.019712333333333335,-0.0029320967721681197,-0.019474,0.02,0.07191666666666667,3.2126111100573356,0.1315,0,0.9009685277981342,1,0.857902069459419,0.5347852278776424,559.5749999999999,2.438955026455026,2524.45,0,((((0)+(0))+((9)*((7)+(0))))*((8)-((3)/((x)*(x))))),(((((x)*(2))/((5)-(2)))*(((4)+(0))-((0)*((3)-(9)))))*(((0)*((2)*(9)))/(((0)-(x))/((1)*((4)-(x)))))),AddXD|AddToLeafR|DeleteTerminalR|SkipD|AddRandomSubTreeR|AddXD|DeleteMaliciousR|DeleteTerminalR|MutateNonTerminalR|DeleteMaliciousR|MutateNonTerminalR|MultXD|AddTreeWithSub|AddTreeWithMult|AddTreeWithDiv,AddTreeWithSub|SubXD|SkipD|AddTreeWithAdd|DivXD|SkipD|DeleteTerminalR|AddTreeWithMult|AddTreeWithMult|AddRandomSubTreeR|DeleteTerminalR|DeleteNonTerminalR|AddTreeWithMult|SkipD|AddTreeWithDiv,AddXD,AddTreeWithMult,39,39,40,40,4
40,(x),20,-10,-0.013676969696969696,0.0009658236719704131,0.0018181818181818182,0.02,1.5883333333333334,0.49307650595238095,5.5,0,0.9480705617207339,1,0.7862116621671104,0.6507799675947796,807.0136904761906,4.562873677248677,4814.225,0,((((5)/(4))+((x)-((3)*(3))))*((6)+((0)*((x)*(x))))),(((0)/(4))*((3)/(0))),AddXD|AddToLeafR|DeleteTerminalR|SkipD|AddRandomSubTreeR|AddXD|DeleteMaliciousR|DeleteTerminalR|MutateNonTerminalR|DeleteMaliciousR|MutateNonTerminalR|MultXD|AddTreeWithSub|AddTreeWithMult|AddTreeWithDiv,AddTreeWithSub|SubXD|SkipD|AddTreeWithAdd|DivXD|SkipD|DeleteTerminalR|AddTreeWithMult|MutateNonTerminalR|AddRandomSubTreeR|DeleteTerminalR|DeleteNonTerminalR|AddTreeWithMult|SkipD|AddTreeWithDiv,AddXD,SkipD,40,40,41,41,4
41,(x),20,-10,-0.018955333333333334,-0.008062450469043981,-0.016888,0.02,0.26116666666666666,0.5010206902121714,0.778,0,0.9439248143911356,1,0.7920113935933922,0.655905739859871,743.8833333333333,4.581634496208115,4458.3,0,((((1)-(6))*((0)+((9)*(6))))*((6)-((4)/((x)*(x))))),((((1)*((7)-(8)))-((0)-((x)-(6))))*(((9)/(0))+((0)-((x)/(x))))),AddXD|AddToLeafR|DeleteTerminalR|SkipD|AddTreeWithMult|AddXD|DeleteMaliciousR|DeleteTerminalR|MutateNonTerminalR|DeleteMaliciousR|MutateNonTerminalR|MultXD|AddTreeWithSub|AddTreeWithMult|AddTreeWithDiv,AddTreeWithSub|SubXD|SkipD|AddTreeWithAdd|DivXD|SkipD|DeleteTerminalR|AddTreeWithMult|MutateNonTerminalR|AddRandomSubTreeR|DeleteTerminalR|DeleteNonTerminalR|AddTreeWithMult|SkipD|AddTreeWithDiv,AddXD,SkipD,41,40,42,42,4
42,(x),20,-10,-0.017054833333333335,-0.0023424476538931307,-0.013999999999999999,0.02,0.7362916666666667,7.484252116402116,1.5,0,0.8412698412698413,1,0.8051137468660133,0.5549969146378023,458.88333333333327,3.597555849500294,1575,0,((((2)-(6))+((8)*(6)))+((3)/((1)*((x)*(x))))),((((5)-((x)+(0)))*(((3)*(2))*((2)/(3))))+(((8)-(4))*((3)-((6)*((1)/(0)))))),AddXD|AddToLeafR|DeleteTerminalR|SkipD|AddRandomSubTreeR|AddXD|MutateNonTerminalR|DeleteTerminalR|MutateNonTerminalR|DeleteMaliciousR|MutateNonTerminalR|MultXD|AddTreeWithSub|AddTreeWithMult|AddTreeWithDiv,AddTreeWithSub|SubXD|SkipD|AddTreeWithAdd|DivXD|DeleteMaliciousR|DeleteTerminalR|AddTreeWithMult|MutateNonTerminalR|AddRandomSubTreeR|DeleteTerminalR|DeleteNonTerminalR|AddTreeWithMult|SkipD|AddTreeWithDiv,MutateNonTerminalR,DeleteTerminalR,42,42,43,43,4
43,(x),20,-10,-0.018820476190476193,0.006686859406957413,-0.0147,0.02,0.2948809523809524,0.14838263468967833,1.325,0,0.9588278565233144,1,0.7361365936910998,0.5223786656877561,1049.1361111111112,3.207479228670634,6072.0666666666675,0,((((x)-(x))-((6)*((5)+(7))))*((x)*((8)*((5)/(3))))),(((8)*(8))/((9)/(0))),AddXD|AddToLeafR|DeleteTerminalR|SkipD|AddRandomSubTreeR|AddXD|MutateNonTerminalR|DeleteTerminalR|MutateNonTerminalR|DeleteMaliciousR|MutateNonTerminalR|MultXD|AddTreeWithSub|AddTreeWithMult|AddTreeWithDiv,AddTreeWithSub|SubXD|SkipD|AddTreeWithAdd|DivXD|SkipD|DeleteTerminalR|AddTreeWithMult|MutateNonTerminalR|AddRandomSubTreeR|DeleteTerminalR|DeleteNonTerminalR|AddTreeWithMult|SkipD|AddTreeWithDiv,MutateNonTerminalR,SkipD,43,43,44,44,4
44,(x),20,-10,-0.014959796296296297,-0.006175147704382916,-0.002666666666666665,0.02,1.2600509259259258,1.188121660573223,4.333333333333334,0,0.273678094131319,1,0.5631625910983804,0.6498569454786006,111.79791666666667,2.361111111111111,344.2,0,((((x)+(0))*((0)/((5)+(0))))+((x)*((9)-((5)*(x))))),(((0)/(2))*((0)/(3))),AddXD|AddToLeafR|DeleteTerminalR|SkipD|AddRandomSubTreeR|AddXD|MutateNonTerminalR|DeleteTerminalR|MutateNonTerminalR|DeleteMaliciousR|MutateNonTerminalR|MultXD|AddTreeWithSub|AddTreeWithMult|AddTreeWithDiv,AddTreeWithSub|SubXD|SkipD|AddTreeWithAdd|DivXD|SkipD|DeleteTerminalR|AddTreeWithMult|MutateNonTerminalR|AddRandomSubTreeR|DeleteTerminalR|DeleteNonTerminalR|AddTreeWithMult|SkipD|AddTreeWithDiv,MutateNonTerminalR,SkipD,44,44,45,45,4
45,(x),20,-10,-0.018910666666666666,0.0026501436906904725,-0.014664000000000002,0.02,0.2723333333333333,1.1430815795330478,1.334,0,-0.2985,1,0.3219444496021474,0.6301235134793196,95.03194444444443,2.9677579365079367,175.375,0,((((3)*(7))/((4)+((0)-(0))))+((0)*((0)-((x)*(x))))),((((5)*((0)*(4)))/((6)/((5)*(0))))-(((1)*(0))-((1)*((9)/(x))))),AddXD|AddToLeafR|DeleteTerminalR|SkipD|AddRandomSubTreeR|AddXD|MutateNonTerminalR|DeleteTerminalR|MutateNonTerminalR|DeleteMaliciousR|MutateNonTerminalR|MultXD|AddTreeWithSub|AddTreeWithMult|AddTreeWithDiv,AddTreeWithSub|SubXD|SkipD|AddTreeWithAdd|DivXD|SkipD|DeleteTerminalR|AddTreeWithMult|MutateNonTerminalR|AddRandomSubTreeR|DeleteTerminalR|DeleteNonTerminalR|AddTreeWithMult|AddTreeWithAdd|DeleteTerminalR,MutateNonTerminalR,DeleteTerminalR,45,45,46,46,4
46,(x),20,-10,-0.01871666666666667,-0.006034599057854674,-0.01602,0.02,0.32083333333333336,56.082969775132284,0.995,0,0.7632015155103007,1,0.5782955303238311,0.5662910411331278,282.4916666666666,3.6824626746846327,1055.75,0,((((8)+(4))*((1)-((9)-(6))))*((x)*((7)/((2)*(x))))),((((4)*((0)*(0)))-(((0)-(0))/((0)+(7))))-(((7)+((0)*(2)))/((3)+((0)-((x)+(x)))))),AddXD|AddToLeafR|DeleteTerminalR|SkipD|AddRandomSubTreeR|AddXD|MutateNonTerminalR|AddTreeWithSub|MutateNonTerminalR|DeleteMaliciousR|MutateNonTerminalR|MultXD|AddTreeWithSub|AddTreeWithMult|AddTreeWithDiv,AddTreeWithSub|SubXD|SkipD|AddTreeWithAdd|DivXD|SkipD|DeleteTerminalR|AddTreeWithMult|MutateNonTerminalR|MutateTerminalR|DeleteTerminalR|DeleteNonTerminalR|AddTreeWithMult|SkipD|AddTreeWithDiv,MutateNonTerminalR,SkipD,45,46,47,47,4
47,(x),20,-10,-0.015057481481481482,-0.0067388156810290565,-0.0006213333333333367,0.00019999999999999928,1.2356296296296296,1.6671485409186328,4.844666666666666,0.099,0.900990099009901,1,0.8677672454387414,0.5477225575051661,587.3594444444444,2.5,2525,0,((((0)-(4))-((5)/((3)*(6))))-((0)*((4)*((9)*(x))))),(((((6)-(5))*((0)+(0)))*(((x)*(2))+((9)/(1))))-(((2)*((8)*(4)))*((4)*((0)/((0)/(1)))))),AddXD|AddToLeafR|DeleteTerminalR|SkipD|AddRandomSubTreeR|AddXD|MutateNonTerminalR|DeleteTerminalR|MutateNonTerminalR|DeleteMaliciousR|MutateNonTerminalR|MultXD|AddTreeWithSub|AddTreeWithMult|AddTreeWithDiv,AddTreeWithSub|SubXD|SkipD|AddTreeWithAdd|DivXD|SkipD|DeleteTerminalR|AddTreeWithMult|MutateNonTerminalR|AddRandomSubTreeR|DeleteTerminalR|DeleteNonTerminalR|AddTreeWithMult|AddTreeWithAdd|DeleteTerminalR,MutateNonTerminalR,DeleteTerminalR,47,47,48,48,4
48,(x),20,-10,-0.018676666666666664,-0.004116359731376624,-0.0148,0.02,0.33083333333333337,4.203035402494331,1.3,0,0.9692997267675683,1,0.8381070619472781,0.4048836761518236,1727.7339285714286,3.7323486184597296,8143.25,0,((((3)*(9))-((3)/((x)*(9))))*((x)+((5)+((x)*(x))))),(((((1)/(0))*((3)+(6)))-(((x)*(4))-((5)*(7))))+(((8)+((2)-(0)))-(((x)*(0))-((x)+((8)/(0)))))),AddXD|AddToLeafR|DeleteTerminalR|SkipD|AddRandomSubTreeR|AddXD|MutateNonTerminalR|DeleteTerminalR|MutateNonTerminalR|DeleteMaliciousR|MutateNonTerminalR|MultXD|AddTreeWithSub|AddTreeWithMult|AddTreeWithDiv,AddTreeWithSub|SubXD|SkipD|AddTreeWithAdd|DivXD|SkipD|DeleteTerminalR|AddTreeWithMult|MutateNonTerminalR|AddRandomSubTreeR|MutateNonTerminalR|DeleteNonTerminalR|AddTreeWithMult|AddTreeWithAdd|DeleteTerminalR,MutateNonTerminalR,SkipD,48,48,49,49,4
49,(x),20,-10,-0.012792848085366095,0.0014560359973483602,0.011140511487803435,0.02,2.3854888888888883,0.2676247354497355,11.287333333333331,0,0.9692997267675683,1,0.8381070619472781,0.4048836761518236,1727.7339285714286,3.7323486184597296,8143.25,0,((((3)*(9))-((3)/((x)*(9))))*((x)+((5)+((x)*(x))))),(((((1)/(0))*((3)+(6)))-(((x)*(4))-((5)*(7))))+(((8)+((2)-(0)))-(((x)*(0))-((x)+((8)/(0)))))),AddXD|AddToLeafR|DeleteTerminalR|SkipD|AddRandomSubTreeR|AddXD|MutateNonTerminalR|DeleteTerminalR|MutateNonTerminalR|DeleteMaliciousR|MutateNonTerminalR|MultXD|AddTreeWithSub|AddTreeWithMult|AddTreeWithDiv,AddTreeWithSub|SubXD|SkipD|AddTreeWithAdd|DivXD|SkipD|DeleteTerminalR|AddTreeWithMult|MutateNonTerminalR|AddRandomSubTreeR|MutateNonTerminalR|DeleteNonTerminalR|AddTreeWithMult|AddTreeWithAdd|DeleteTerminalR,MutateNonTerminalR,AddTreeWithMult,48,48,49,49,4
