generation,averageAntagonist,averageProtagonist,topAntagonist,topProtagonist,antagonistStrategies,topProtagonistStrategies,topAntagonistDominantStrategy,topProtagonistDominantStrategy,topAntagonistBirthGen,topProtagonistBirthGen,topAntagonistDelta,topProtagonistDelta,topAntagonistEquation,topProtagonistEquation,spec,runNumber
1,-0.9642977156761516,0.16103142326276504,-0.8347847745054547,0.3597380716859958,StrategyAddTreeWithMult|StrategyAddTreeWithSub|StrategyAddRandomSubTreeR|StrategyAddTreeWithSub|StrategyMutateTerminalR|StrategyReplaceBranchXR|StrategyAddXD|StrategySubXD|StrategyReplaceBranchXR|StrategyAddTreeWithMult,StrategyAddTreeWithMult|StrategySkipD|StrategyAddTreeWithDiv|StrategyDivXD|StrategySkipD|StrategyAddRandomSubTreeR|StrategyDivXD|StrategyAddXD|StrategyMutateTerminalR|StrategyAddTreeWithSub,StrategyReplaceBranchXR,StrategySkipD,0,0,132786.5,132786.5,((((((1)+(8))*((6)*((x)+(1))))*(((x)-((9)*(7)))*(x)))+(x))-(x)),(((((((5)*(3))+((1)*(4)))-((((8)/(6))*(3))/(x)))/((3)-(9)))/(0))+(x)),5*x*x*x,8
2,-0.9576968896864534,0.18416091763041886,-0.7919187387931077,0.4555328951525451,StrategySubXD|StrategyMultXD|StrategySkipD|StrategySkipD|StrategySubXD|StrategyAddTreeWithMult|StrategyAddToLeafR|StrategyAddTreeWithDiv|StrategySkipD|StrategyReplaceBranchXR,StrategySkipD|StrategySkipD|StrategyAddTreeWithDiv|StrategyDivXD|StrategySkipD|StrategyAddRandomSubTreeR|StrategyAddTreeWithAdd|StrategyAddTreeWithDiv|StrategyAddToLeafR|StrategyAddTreeWithDiv,StrategySkipD,StrategySkipD,1,1,399041.5,399041.5,((((((((x)*(3))*((3)-(9)))*(x))*((x)*(x)))-(x))*(x))-(x)),(((((x)+((4)-(0)))*((0)+(((0)+(5))-(2))))+(((5)/(0))-((7)+((x)-(x)))))/((8)/(0))),5*x*x*x,8
3,-0.9450324227888123,0.21256993881641928,-0.6650495421171608,0.4985837296005652,StrategyAddXD|StrategyMultXD|StrategySkipD|StrategySkipD|StrategySubXD|StrategyAddTreeWithMult|StrategyAddTreeWithDiv|StrategyAddToLeafR|StrategyAddTreeWithAdd|StrategyAddToLeafR,StrategySkipD|StrategySkipD|StrategyAddTreeWithDiv|StrategyAddXD|StrategyDivXD|StrategyAddTreeWithDiv|StrategyAddTreeWithDiv|StrategyAddTreeWithMult|StrategyAddToLeafR|StrategyAddTreeWithDiv,StrategySkipD,StrategyAddTreeWithDiv,2,2,1594653.5,1594653.5,(((((((9)/(2))*(x))*(((x)*(4))*(((0)+(x))*(x))))+(x))*((7)*(5)))-(x)),(((((((3)*(8))/((0)*(x)))*(((9)/(3))*(x)))+((2)-(((2)/(4))+(1))))+(x))/((x)/(9))),5*x*x*x,8
4,-0.9260275001126214,0.22750286711389872,-0.6182202936261216,0.5069695713539154,StrategyAddXD|StrategyMultXD|StrategySkipD|StrategySkipD|StrategyAddTreeWithAdd|StrategySkipD|StrategyAddXD|StrategyAddRandomSubTreeR|StrategySkipD|StrategyAddToLeafR,StrategyReplaceBranchR|StrategyAddTreeWithDiv|StrategySubXD|StrategyDivXD|StrategySkipD|StrategyAddRandomSubTreeR|StrategyAddTreeWithAdd|StrategyAddTreeWithDiv|StrategyAddToLeafR|StrategyAddTreeWithDiv,StrategySkipD,StrategyAddTreeWithDiv,3,3,122663.2,122663.2,(((((((9)+((5)*(8)))*(x))*((x)*(x)))+(x))*(x))+(x)),(((((((2)+((x)*((1)/(4))))*((x)*((((x)-((2)*(2)))/(9))/(0))))*((5)+(5)))-(x))/((2)+(4)))/(x)),5*x*x*x,8
5,-0.9275336591633238,0.16612293211974366,-0.44952557017876976,0.299130981016686,StrategyAddXD|StrategyMultXD|StrategySkipD|StrategySkipD|StrategyAddTreeWithAdd|StrategyAddTreeWithMult|StrategyAddTreeWithDiv|StrategyAddToLeafR|StrategyAddTreeWithAdd|StrategyAddToLeafR,StrategyReplaceBranchR|StrategyAddTreeWithDiv|StrategySubXD|StrategyAddTreeWithSub|StrategyDivXD|StrategyAddTreeWithMult|StrategyAddXD|StrategyDivXD|StrategyAddTreeWithMult|StrategyMultXD,StrategyAddToLeafR,StrategyAddTreeWithMult,4,3,1027625.5,1027625.5,((((((6)*(7))*(x))*((((9)*(((4)+(4))/(1)))+(9))*(x)))+((6)+(0)))*(x)),(((((((((8)+((x)+((2)/(6))))-((x)*((0)*(1))))*(((3)+(0))/((x)*((4)/(((0)*(0))*((8)-(x)))))))-(x))/(x))+(x))/(x))*(x)),5*x*x*x,8
6,-0.8813722652887886,0.12519162366981706,-0.511483672783329,0.4201005032223934,StrategyAddXD|StrategyMultXD|StrategySkipD|StrategySkipD|StrategySubXD|StrategyAddTreeWithMult|StrategySkipD|StrategyAddToLeafR|StrategyAddTreeWithAdd|StrategyAddToLeafR,StrategyReplaceBranchR|StrategyReplaceBranchR|StrategySkipD|StrategyAddTreeWithSub|StrategyAddTreeWithDiv|StrategyAddXD|StrategyReplaceBranchXR|StrategyAddTreeWithDiv|StrategyAddToLeafR|StrategyAddTreeWithDiv,StrategySkipD,StrategyAddTreeWithDiv,5,5,1205922.5,1205922.5,(((((((7)*(8))*(x))*(((7)*(5))*(x)))+(x))*((2)*(8)))-((4)+(9))),((((x)-(5))-(((6)*(1))/(0)))+((8)/((4)/(7)))),5*x*x*x,8
7,-0.8972305439689986,0.14813231630592963,-0.5206635905293273,0.4060425377349447,StrategyAddXD|StrategyMultXD|StrategySkipD|StrategySkipD|StrategyAddTreeWithAdd|StrategyMutateTerminalR|StrategySkipD|StrategyAddToLeafR|StrategyAddTreeWithAdd|StrategyAddToLeafR,StrategyReplaceBranchR|StrategyAddTreeWithDiv|StrategySubXD|StrategyAddTreeWithSub|StrategyAddTreeWithDiv|StrategyAddXD|StrategyReplaceBranchXR|StrategyAddTreeWithDiv|StrategyAddToLeafR|StrategyAddTreeWithMult,StrategySkipD,StrategyAddTreeWithDiv,5,4,549846,549846,(((((5)*((7)*((x)+((5)*(3)))))*((8)*((9)+(x))))+(x))*(x)),(((9)*(8))+((5)/(0))),5*x*x*x,8
8,-0.8988849714587497,0.1570572378679432,-0.7359217868942711,0.29202734607062036,StrategyAddXD|StrategyMultXD|StrategyAddTreeWithAdd|StrategySkipD|StrategyAddTreeWithAdd|StrategyAddTreeWithAdd|StrategyDivXD|StrategyAddToLeafR|StrategyAddTreeWithAdd|StrategyAddToLeafR,StrategyReplaceBranchR|StrategyAddTreeWithDiv|StrategySubXD|StrategyAddTreeWithSub|StrategyAddTreeWithDiv|StrategyAddXD|StrategyReplaceBranchXR|StrategyAddTreeWithDiv|StrategyAddToLeafR|StrategyReplaceBranchR,StrategyAddTreeWithAdd,StrategyAddTreeWithDiv,7,6,207825.2,207825.2,(((((((((7)+(2))+((x)*(x)))+(4))*(x))*(((5)+((8)*(8)))*(x)))+(x))*(x))/(x)),((((((9)/((((9)+(0))/(0))-(2)))+(5))+((8)*((8)+(7))))-(x))+(x)),5*x*x*x,8
9,-0.9077305439165844,0.16643777563516127,-0.6145283603053757,0.3046123811520391,StrategyAddXD|StrategyMultXD|StrategyAddTreeWithAdd|StrategySkipD|StrategyAddTreeWithAdd|StrategyAddTreeWithAdd|StrategyAddXD|StrategyAddRandomSubTreeR|StrategySkipD|StrategyAddToLeafR,StrategySkipD|StrategyReplaceBranchR|StrategySkipD|StrategyAddTreeWithSub|StrategyAddTreeWithDiv|StrategyAddXD|StrategyReplaceBranchXR|StrategyAddTreeWithDiv|StrategyAddToLeafR|StrategyReplaceBranchR,StrategyAddTreeWithAdd,StrategySkipD,8,8,252689.8,252689.8,((((((((x)*(7))+((2)+(4)))*(x))*((x)*(x)))+(x))*((3)+((1)+(9))))+(x)),(((((x)*(9))+(((3)/((0)/((0)*(0))))*((x)*(7))))*(((1)+(x))*(((8)+(2))+(0))))+(x)),5*x*x*x,8
10,-0.8556257328244132,0.15287031779916277,-0.48306470082451225,0.3360906043258814,StrategyAddXD|StrategyMultXD|StrategySkipD|StrategySkipD|StrategyAddTreeWithAdd|StrategyMutateTerminalR|StrategyAddXD|StrategyAddToLeafR|StrategyAddTreeWithAdd|StrategyAddToLeafR,StrategyAddTreeWithMult|StrategyAddToLeafR|StrategyMutateTerminalR|StrategyAddTreeWithAdd|StrategyAddRandomSubTreeR|StrategyAddXD|StrategyReplaceBranchXR|StrategyAddTreeWithDiv|StrategyAddToLeafR|StrategyReplaceBranchR,StrategySkipD,StrategyAddToLeafR,9,9,625124.5,625124.5,(((((((3)*(8))*(x))*((x)*(8)))+(x))*(((9)+(5))+((x)*(9))))+(x)),(((((5)*((x)-(6)))/((8)+((3)+((2)+(9)))))*((((7)*((2)+((x)+(2))))*(x))/((3)/((7)*(0)))))+((1)/(1))),5*x*x*x,8
11,-0.8230878589177845,0.16012150968564764,-0.4171936294985925,0.3724265324896848,StrategyAddXD|StrategyMultXD|StrategySkipD|StrategySkipD|StrategyAddTreeWithAdd|StrategyMutateTerminalR|StrategySkipD|StrategyAddToLeafR|StrategyAddTreeWithAdd|StrategyAddToLeafR,StrategyReplaceBranchR|StrategyReplaceBranchR|StrategyAddXD|StrategyAddTreeWithAdd|StrategyAddRandomSubTreeR|StrategyAddXD|StrategyReplaceBranchXR|StrategyAddTreeWithDiv|StrategyAddToLeafR|StrategyAddTreeWithMult,StrategySkipD,StrategyReplaceBranchR,10,10,1162727.5,1162727.5,(((((5)*(x))*(((9)+(3))*((7)*(x))))+(0))*((8)*((4)+(5)))),(((((x)-(5))+((((2)+(3))/(0))+(6)))+((9)+((9)*(8))))+(x)),5*x*x*x,8
12,-0.8433639950704974,0.16397747051612274,-0.5817215761089436,0.30583526233356495,StrategyAddXD|StrategyMultXD|StrategySkipD|StrategySkipD|StrategyAddTreeWithAdd|StrategyMutateTerminalR|StrategyAddXD|StrategyAddToLeafR|StrategyAddTreeWithAdd|StrategyAddToLeafR,StrategyReplaceBranchR|StrategyReplaceBranchR|StrategyAddXD|StrategyAddTreeWithAdd|StrategyAddRandomSubTreeR|StrategyAddXD|StrategyReplaceBranchXR|StrategyAddTreeWithDiv|StrategyAddToLeafR|StrategyAddTreeWithMult,StrategyAddTreeWithAdd,StrategyAddXD,9,11,142906.5,142906.5,((((((5)*(((5)*(9))+(5)))*((x)*((1)+((8)+(6)))))+(x))*(x))+(x)),(((((4)-(7))*((7)/((2)*(0))))+(x))+(x)),5*x*x*x,8
13,-0.8624404028864083,0.13323910800042713,-0.5092214655248217,0.23352004122262252,StrategyAddXD|StrategyMultXD|StrategySkipD|StrategySkipD|StrategyAddTreeWithAdd|StrategyMutateTerminalR|StrategyAddXD|StrategyAddToLeafR|StrategyAddTreeWithAdd|StrategyAddToLeafR,StrategySkipD|StrategyMutateNonTerminalR|StrategyMutateTerminalR|StrategyAddTreeWithAdd|StrategyAddRandomSubTreeR|StrategyAddXD|StrategyReplaceBranchXR|StrategyAddTreeWithDiv|StrategyAddToLeafR|StrategyReplaceBranchR,StrategyAddXD,StrategyMutateTerminalR,12,12,161623,161623,(((((((7)+(2))*(x))*((((7)+(4))*(7))*(x)))+(x))*((2)-(8)))+(x)),((((((x)/(8))+((5)+(7)))+(((5)+((1)*(5)))*((x)*(5))))*(((x)*(x))/((x)+((4)*(2)))))+(x)),5*x*x*x,8
14,-0.8349568954000193,0.1499130064840384,-0.4558274820798947,0.2516811769207224,StrategyAddXD|StrategyMultXD|StrategySkipD|StrategySkipD|StrategyAddTreeWithAdd|StrategyMutateTerminalR|StrategyAddXD|StrategyAddToLeafR|StrategyAddTreeWithAdd|StrategyAddToLeafR,StrategySkipD|StrategyReplaceBranchR|StrategyAddXD|StrategyAddTreeWithAdd|StrategyAddRandomSubTreeR|StrategyAddXD|StrategyReplaceBranchXR|StrategyAddTreeWithMult|StrategyAddRandomSubTreeR|StrategyReplaceBranchR,StrategyAddXD,StrategyReplaceBranchR,12,13,178521.5,178521.5,(((((((5)*(7))*(x))*(((3)+((2)*(7)))*(x)))+(x))*(x))+((3)+(5))),((((((8)+(x))*((7)+((1)+(0))))*(((5)*(4))/((x)*(0))))+((5)+(x)))+(x)),5*x*x*x,8
15,-0.8990127335391991,0.16494393542559838,-0.6560935293742026,0.22900260772626382,StrategyAddXD|StrategyMultXD|StrategySkipD|StrategySkipD|StrategyAddTreeWithAdd|StrategySkipD|StrategyAddXD|StrategyAddRandomSubTreeR|StrategySkipD|StrategyAddToLeafR,StrategyReplaceBranchR|StrategyReplaceBranchR|StrategySkipD|StrategyAddTreeWithAdd|StrategyAddRandomSubTreeR|StrategyAddXD|StrategyReplaceBranchXR|StrategyAddTreeWithMult|StrategyAddRandomSubTreeR|StrategyReplaceBranchR,StrategySkipD,StrategyReplaceBranchR,14,14,150991.5,150991.5,(((((((2)*(7))*(x))*((((9)*(3))+(9))*(x)))+(x))*(x))+(x)),((((x)*(7))*(((1)+((7)+((8)+(6))))/((8)*((3)*(0)))))+(x)),5*x*x*x,8
16,-0.8853582630544266,0.15900704353202344,-0.6676397305149069,0.2541519572943127,StrategyAddXD|StrategyMultXD|StrategySkipD|StrategySkipD|StrategyAddTreeWithAdd|StrategySkipD|StrategyAddXD|StrategyAddRandomSubTreeR|StrategySkipD|StrategyAddToLeafR,StrategyReplaceBranchR|StrategyReplaceBranchR|StrategySkipD|StrategyAddTreeWithAdd|StrategyAddRandomSubTreeR|StrategyAddXD|StrategyReplaceBranchXR|StrategyAddTreeWithMult|StrategyAddRandomSubTreeR|StrategyReplaceBranchR,StrategySkipD,StrategyReplaceBranchR,14,15,124943.5,124943.5,((((((5)*(x))*((x)*(x)))+((5)+(6)))*((2)+((9)*(9))))+(x)),(((((2)-((3)*(1)))/((0)*((8)-(1))))*(((x)-(4))-(((x)+(9))*(4))))+(x)),5*x*x*x,8
17,-0.8969504593750095,0.13291689082366623,-0.7007538650381369,0.2640354683195592,StrategyAddXD|StrategyMultXD|StrategySkipD|StrategySkipD|StrategyAddTreeWithAdd|StrategySkipD|StrategyAddXD|StrategyAddRandomSubTreeR|StrategySkipD|StrategyAddToLeafR,StrategyReplaceBranchR|StrategyReplaceBranchR|StrategySkipD|StrategyAddTreeWithAdd|StrategyAddRandomSubTreeR|StrategyAddXD|StrategyReplaceBranchXR|StrategyAddTreeWithMult|StrategyAddRandomSubTreeR|StrategyReplaceBranchR,StrategySkipD,StrategyReplaceBranchR,14,15,123981,123981,(((((((2)+(7))*(x))*((x)*(x)))+(x))*(((9)*(5))+(1)))+(x)),((((((5)*(x))*(x))*((9)+(((2)-(0))-(3))))/((x)-(x)))+(x)),5*x*x*x,8
18,-0.9340932600409646,0.17603668988764462,-0.6436877018178535,0.26497937261180293,StrategyAddXD|StrategyMultXD|StrategySkipD|StrategySkipD|StrategyAddTreeWithAdd|StrategySkipD|StrategyAddXD|StrategyAddRandomSubTreeR|StrategySkipD|StrategyAddToLeafR,StrategyReplaceBranchR|StrategyAddToLeafR|StrategyAddXD|StrategyAddTreeWithAdd|StrategyAddRandomSubTreeR|StrategyAddXD|StrategyReplaceBranchXR|StrategyAddTreeWithMult|StrategyAddRandomSubTreeR|StrategyReplaceBranchR,StrategySkipD,StrategyReplaceBranchR,17,17,261994.7,261994.7,((((((((9)+(4))*(8))*(x))*((x)*(x)))+(x))*(x))+(x)),(((((((4)*(8))*(x))*((5)*(8)))*(((x)/(0))*((4)+(((7)*(0))*(0)))))+(x))+(x)),5*x*x*x,8
19,-0.9182729541965653,0.13275304438890148,-0.6498839385367571,0.2406116513066241,StrategyAddXD|StrategyMultXD|StrategyAddTreeWithAdd|StrategySkipD|StrategyAddTreeWithAdd|StrategyMutateTerminalR|StrategyAddXD|StrategyAddRandomSubTreeR|StrategySkipD|StrategyAddToLeafR,StrategyReplaceBranchR|StrategyReplaceBranchR|StrategySkipD|StrategyAddTreeWithAdd|StrategyAddRandomSubTreeR|StrategyAddXD|StrategyMultXD|StrategyAddTreeWithMult|StrategyAddRandomSubTreeR|StrategyReplaceBranchR,StrategySkipD,StrategyReplaceBranchR,18,17,122314.5,122314.5,((((((((4)+(3))+(9))*((4)-(9)))*((x)*(x)))+(x))*((5)*(x)))+(x)),((((((4)-(5))+((7)*(6)))/((2)-(2)))+(x))*(x)),5*x*x*x,8
20,-0.9486723293051256,0.14536534548909727,-0.8054207287523513,0.2979846985103921,StrategyAddXD|StrategyMultXD|StrategyAddTreeWithAdd|StrategySkipD|StrategyAddTreeWithAdd|StrategyMutateTerminalR|StrategyAddXD|StrategyAddRandomSubTreeR|StrategySkipD|StrategyAddTreeWithDiv,StrategyReplaceBranchR|StrategyReplaceBranchR|StrategySkipD|StrategyAddTreeWithAdd|StrategyAddRandomSubTreeR|StrategyAddXD|StrategyMultXD|StrategyAddTreeWithMult|StrategyAddRandomSubTreeR|StrategyReplaceBranchR,StrategySkipD,StrategyReplaceBranchR,19,18,114955.5,114955.5,(((((((6)*(7))*((x)/(2)))*(((9)+(7))*((6)+(3))))+(x))*(x))+(x)),((((((8)-(x))*(((6)*(0))-((8)+(1))))/((0)*(9)))+(x))*(x)),5*x*x*x,8
21,-0.9539307219758781,0.14325958208223738,-0.8341719834710745,0.24653397439855204,StrategyAddXD|StrategyMultXD|StrategySkipD|StrategySkipD|StrategyAddTreeWithAdd|StrategyMutateTerminalR|StrategyAddXD|StrategyAddRandomSubTreeR|StrategySkipD|StrategyAddToLeafR,StrategyAddTreeWithMult|StrategyReplaceBranchR|StrategySkipD|StrategyAddTreeWithAdd|StrategyAddRandomSubTreeR|StrategyAddXD|StrategyMultXD|StrategyAddTreeWithMult|StrategyAddRandomSubTreeR|StrategyReplaceBranchR,StrategySkipD,StrategyAddRandomSubTreeR,20,20,39974,39974,((((((5)*(x))*((5)*(x)))+(x))*(((8)+(x))+((3)*(9))))+(x)),(((((8)+(((x)-(8))+(9)))/((0)*(6)))+((8)*(5)))*(x)),5*x*x*x,8
22,-0.9506164804597976,0.16603019560281834,-0.7383091418968168,0.3034137239247482,StrategyAddXD|StrategyMultXD|StrategySkipD|StrategySkipD|StrategyAddTreeWithAdd|StrategyMutateTerminalR|StrategyAddXD|StrategyAddRandomSubTreeR|StrategySkipD|StrategyAddToLeafR,StrategyAddTreeWithMult|StrategyReplaceBranchR|StrategySkipD|StrategyAddTreeWithAdd|StrategyAddRandomSubTreeR|StrategyAddXD|StrategyMultXD|StrategyAddTreeWithMult|StrategyAddRandomSubTreeR|StrategyReplaceBranchR,StrategySkipD,StrategyAddTreeWithMult,21,21,157536.5,157536.5,((((((5)*(x))*(((6)+((2)*((8)*(7))))*(x)))+(x))*(7))+(x)),(((((1)*(5))/((0)/((9)+(x))))+((0)*(0)))*(x)),5*x*x*x,8
23,-0.965592989576893,0.16456883908315878,-0.8923428472386201,0.2986585135021086,StrategyAddXD|StrategyMultXD|StrategySkipD|StrategySkipD|StrategyAddTreeWithAdd|StrategyMutateTerminalR|StrategyAddXD|StrategyAddRandomSubTreeR|StrategySkipD|StrategyAddTreeWithDiv,StrategyReplaceBranchR|StrategyReplaceBranchR|StrategyAddXD|StrategyAddTreeWithAdd|StrategyAddRandomSubTreeR|StrategyAddXD|StrategyMultXD|StrategyAddTreeWithMult|StrategyAddRandomSubTreeR|StrategyReplaceBranchR,StrategySkipD,StrategyReplaceBranchR,22,22,49467,49467,(((((((7)+((8)/(x)))*(x))*((x)*((7)*(3))))+(x))*(x))+(x)),(((((((4)+(9))+((7)+(8)))*((x)+(4)))+(x))+((4)*(2)))*(x)),5*x*x*x,8
24,-0.9489764044482343,0.15116942707388614,-0.6075412068776267,0.23339917355371903,StrategyAddXD|StrategyMultXD|StrategySkipD|StrategySkipD|StrategyAddTreeWithAdd|StrategyMutateTerminalR|StrategyAddXD|StrategyAddRandomSubTreeR|StrategySkipD|StrategyAddToLeafR,StrategyReplaceBranchR|StrategyReplaceBranchR|StrategySkipD|StrategyAddTreeWithAdd|StrategyAddRandomSubTreeR|StrategyAddXD|StrategyMultXD|StrategyAddTreeWithMult|StrategyAddRandomSubTreeR|StrategyReplaceBranchR,StrategySkipD,StrategyReplaceBranchR,23,22,164862.5,164862.5,((((((5)*((9)*(4)))*(((3)*(8))*(x)))+((4)+(5)))*(x))+(x)),(((((3)+((6)+(5)))*((6)+((5)*(2))))+(x))*(x)),5*x*x*x,8
25,-0.9527656164020819,0.15648607761644034,-0.7997037190082644,0.2429296570722903,StrategyAddXD|StrategyMultXD|StrategySkipD|StrategySkipD|StrategyAddTreeWithAdd|StrategyMutateTerminalR|StrategyAddXD|StrategyAddRandomSubTreeR|StrategySkipD|StrategyAddToLeafR,StrategyReplaceBranchR|StrategyReplaceBranchR|StrategySkipD|StrategyAddTreeWithAdd|StrategyAddRandomSubTreeR|StrategyAddXD|StrategyMultXD|StrategyAddTreeWithMult|StrategyAddRandomSubTreeR|StrategyReplaceBranchR,StrategySkipD,StrategyReplaceBranchR,23,24,51106,51106,(((((((9)+(x))*(x))*((x)*(x)))+(x))*(((0)+(2))*(5)))+(x)),(((((x)*(9))*(4))+(x))*(x)),5*x*x*x,8
26,-0.9036950003517414,0.1495966976549976,-0.4955212606175463,0.2864710868977475,StrategyAddXD|StrategyMultXD|StrategySkipD|StrategySkipD|StrategyAddTreeWithAdd|StrategyMutateTerminalR|StrategyAddXD|StrategyAddRandomSubTreeR|StrategySkipD|StrategyAddToLeafR,StrategyReplaceBranchR|StrategyAddToLeafR|StrategyAddXD|StrategyAddTreeWithAdd|StrategyAddRandomSubTreeR|StrategyAddXD|StrategyReplaceBranchXR|StrategyAddTreeWithMult|StrategyAddRandomSubTreeR|StrategyReplaceBranchR,StrategySkipD,StrategyReplaceBranchR,25,25,1811716.5,1811716.5,(((((((((9)*(x))*(x))+(9))*(x))*((9)*(x)))+(x))*(x))+(x)),(((((x)-((7)*(2)))/((0)*((4)+(4))))+((6)*(4)))+(x)),5*x*x*x,8
27,-0.9067904814402068,0.13469565718114712,-0.5368426511174171,0.257052220892156,StrategyAddXD|StrategyMultXD|StrategySkipD|StrategySkipD|StrategyAddTreeWithAdd|StrategyMutateTerminalR|StrategyAddXD|StrategyAddRandomSubTreeR|StrategySkipD|StrategyAddToLeafR,StrategyReplaceBranchR|StrategyReplaceBranchR|StrategySkipD|StrategyAddTreeWithAdd|StrategyAddRandomSubTreeR|StrategyAddXD|StrategyMultXD|StrategyAddTreeWithMult|StrategyAddRandomSubTreeR|StrategyReplaceBranchR,StrategySkipD,StrategyReplaceBranchR,25,26,424125.9,424125.9,(((((((7)*(x))*(x))*(((8)+((8)*(2)))*(x)))+(x))*(x))+(x)),(((((9)*(4))+(((x)+(7))*((7)*((1)+(2)))))+((x)*(0)))*(x)),5*x*x*x,8
28,-0.9222444275429575,0.15155226164211816,-0.5897106129850697,0.2577603305785124,StrategyAddXD|StrategyMultXD|StrategySkipD|StrategySkipD|StrategyAddTreeWithAdd|StrategyMutateTerminalR|StrategyAddXD|StrategyAddRandomSubTreeR|StrategySkipD|StrategyAddToLeafR,StrategyReplaceBranchR|StrategyReplaceBranchR|StrategySkipD|StrategyAddTreeWithAdd|StrategyAddRandomSubTreeR|StrategyAddXD|StrategyReplaceBranchXR|StrategyAddTreeWithMult|StrategyAddRandomSubTreeR|StrategyReplaceBranchR,StrategySkipD,StrategyReplaceBranchR,27,27,685008.5,685008.5,(((((((7)*(x))*(x))*(((0)+(4))*(x)))+(x))*((9)*(9)))+(x)),((((x)+((6)+(9)))*((1)/((x)*(0))))+(x)),5*x*x*x,8
29,-0.9309115001235977,0.14613212082454696,-0.7071589278012479,0.2587220880642758,StrategyAddXD|StrategyMultXD|StrategySkipD|StrategySkipD|StrategyAddTreeWithAdd|StrategyMutateTerminalR|StrategyAddXD|StrategyAddRandomSubTreeR|StrategySkipD|StrategyAddToLeafR,StrategySkipD|StrategyReplaceBranchR|StrategySkipD|StrategyAddTreeWithAdd|StrategyAddRandomSubTreeR|StrategyAddXD|StrategyMultXD|StrategyAddTreeWithMult|StrategyAddRandomSubTreeR|StrategyReplaceBranchR,StrategySkipD,StrategySkipD,28,28,114691.5,114691.5,(((((((2)+(6))*(x))*((x)*((8)*((2)*(3)))))+(x))*(x))+(x)),((((((5)*(x))*((0)+((8)+(3))))+((((9)+(0))+((6)+((3)*(3))))*((6)*((1)+((3)-(5))))))+(x))*(x)),5*x*x*x,8
30,-0.9598500596339317,0.1817360269536271,-0.8739803723627444,0.2856946384884401,StrategyAddXD|StrategyAddToLeafR|StrategySkipD|StrategySkipD|StrategyAddTreeWithAdd|StrategyMutateTerminalR|StrategyAddXD|StrategyAddRandomSubTreeR|StrategySkipD|StrategyAddToLeafR,StrategySkipD|StrategyReplaceBranchR|StrategySkipD|StrategyAddTreeWithAdd|StrategyAddRandomSubTreeR|StrategyAddXD|StrategyMultXD|StrategyAddTreeWithMult|StrategyAddRandomSubTreeR|StrategyReplaceBranchR,StrategySkipD,StrategyReplaceBranchR,29,28,111688.5,111688.5,((((((8)+((5)+(2)))*(((7)*(7))*(4)))*((x)*(x)))+(x))+(x)),((((((8)+(3))*((1)*((3)*(5))))+((7)/(((4)+(1))*((8)-(8)))))+(x))*(x)),5*x*x*x,8
31,-0.9444492723320245,0.1735922796154576,-0.7800605088774191,0.36356888060651843,StrategyAddXD|StrategyMultXD|StrategySkipD|StrategySkipD|StrategyAddTreeWithAdd|StrategyMutateTerminalR|StrategyAddXD|StrategyAddRandomSubTreeR|StrategySkipD|StrategyAddToLeafR,StrategyReplaceBranchR|StrategyReplaceBranchR|StrategySkipD|StrategyAddTreeWithAdd|StrategyAddRandomSubTreeR|StrategyAddXD|StrategyMultXD|StrategyAddTreeWithMult|StrategyAddRandomSubTreeR|StrategyReplaceBranchR,StrategySkipD,StrategyReplaceBranchR,30,29,89801.8,89801.8,((((((6)*(x))*(((6)*(x))*(x)))+((7)+((x)+(6))))*(x))+(x)),((((((5)+(5))*((3)-((0)/(0))))+((5)+(4)))+((8)*(8)))*(x)),5*x*x*x,8
32,-0.9668228779539241,0.1420264621781353,-0.923769173553719,0.23675389159945567,StrategyAddXD|StrategyMultXD|StrategyAddTreeWithAdd|StrategySkipD|StrategyReplaceBranchR|StrategyMutateTerminalR|StrategyAddXD|StrategyAddRandomSubTreeR|StrategySkipD|StrategyAddToLeafR,StrategyReplaceBranchR|StrategyReplaceBranchR|StrategyAddXD|StrategyAddTreeWithAdd|StrategyAddRandomSubTreeR|StrategyAddXD|StrategyMultXD|StrategyMutateNonTerminalR|StrategyAddRandomSubTreeR|StrategyReplaceBranchR,StrategyAddXD,StrategyReplaceBranchR,31,30,36333,36333,((((((9)-(3))*((x)*(7)))+(x))*(((5)*(4))*(8)))+(x)),(((((((2)*((4)+(5)))*((x)+((7)+(5))))+(((4)/(2))+((3)/((8)-(9)))))-(x))+(x))*(x)),5*x*x*x,8
33,-0.959725223007404,0.16812310166930905,-0.8589521776133555,0.3017483134514167,StrategyAddXD|StrategyMultXD|StrategySkipD|StrategySkipD|StrategyReplaceBranchR|StrategyMutateTerminalR|StrategyAddXD|StrategyAddRandomSubTreeR|StrategySkipD|StrategyAddToLeafR,StrategyReplaceBranchR|StrategyAddToLeafR|StrategySkipD|StrategyAddTreeWithAdd|StrategyAddRandomSubTreeR|StrategyAddXD|StrategyMultXD|StrategyAddTreeWithMult|StrategyAddRandomSubTreeR|StrategyReplaceBranchR,StrategySkipD,StrategyReplaceBranchR,32,32,216331.5,216331.5,((((((5)*(x))*((9)*(((2)*(8))*(x))))+(x))*(x))+(x)),((((((0)*(2))*((2)*(7)))/((4)/((8)*(0))))+(x))*((x)*(6))),5*x*x*x,8
34,-0.9568452959627154,0.13207970965566843,-0.7935687020127696,0.24253019475063314,StrategyAddXD|StrategyMultXD|StrategyAddTreeWithAdd|StrategySkipD|StrategyReplaceBranchR|StrategyMutateTerminalR|StrategyAddXD|StrategyAddRandomSubTreeR|StrategySkipD|StrategyAddToLeafR,StrategyReplaceBranchR|StrategyReplaceBranchR|StrategySkipD|StrategyAddTreeWithAdd|StrategyAddRandomSubTreeR|StrategyAddXD|StrategyMultXD|StrategyAddTreeWithMult|StrategyAddRandomSubTreeR|StrategyReplaceBranchR,StrategySkipD,StrategyReplaceBranchR,33,33,270770.5,270770.5,((((((5)*(((5)*(3))*(4)))*((x)*((x)*(3))))+(5))*(x))+(x)),(((((6)*(4))*((x)+((1)*(1))))+(x))*(x)),5*x*x*x,8
35,-0.9624122303051413,0.17369989683569498,-0.8835180434374186,0.31019008264462816,StrategyAddXD|StrategyMultXD|StrategyAddTreeWithAdd|StrategySkipD|StrategyReplaceBranchR|StrategyMutateTerminalR|StrategyAddXD|StrategyAddRandomSubTreeR|StrategySkipD|StrategyAddToLeafR,StrategyReplaceBranchR|StrategyReplaceBranchR|StrategySkipD|StrategyAddTreeWithAdd|StrategyAddRandomSubTreeR|StrategyAddXD|StrategyMultXD|StrategyAddTreeWithMult|StrategyAddRandomSubTreeR|StrategyReplaceBranchR,StrategyAddXD,StrategyReplaceBranchR,34,33,112502.5,112502.5,((((((5)*(x))*((x)*((x)*(9))))+(2))*((x)-((4)-(4))))+(x)),(((((8)+(0))/((0)*(0)))+((7)*(0)))*(x)),5*x*x*x,8
36,-0.9618136631690961,0.1433101992833571,-0.8917311507882728,0.2719964278220294,StrategyAddXD|StrategyMultXD|StrategyAddTreeWithAdd|StrategyDivXD|StrategyReplaceBranchR|StrategyMutateTerminalR|StrategyAddXD|StrategyAddRandomSubTreeR|StrategySkipD|StrategyAddTreeWithDiv,StrategyReplaceBranchR|StrategyReplaceBranchR|StrategySkipD|StrategyAddTreeWithAdd|StrategyAddRandomSubTreeR|StrategyAddXD|StrategyMultXD|StrategyAddTreeWithMult|StrategyAddRandomSubTreeR|StrategyReplaceBranchR,StrategyAddXD,StrategyReplaceBranchR,35,35,276287,276287,(((((((((9)*(6))-(3))*(x))*((x)*(x)))+(x))*(9))/((3)/(6)))+(x)),((((((5)*(x))*((1)+(3)))/(((3)*(0))*((2)*(0))))+(x))*(x)),5*x*x*x,8
37,-0.9443051565957751,0.1413047385656169,-0.8856008047358553,0.22977685950413224,StrategyAddXD|StrategyMultXD|StrategyAddTreeWithAdd|StrategySkipD|StrategyReplaceBranchR|StrategyMutateTerminalR|StrategyAddXD|StrategyAddRandomSubTreeR|StrategySkipD|StrategyAddToLeafR,StrategyReplaceBranchR|StrategyReplaceBranchR|StrategySkipD|StrategyAddTreeWithAdd|StrategyAddRandomSubTreeR|StrategyAddXD|StrategyMultXD|StrategyAddTreeWithMult|StrategyAddRandomSubTreeR|StrategyReplaceBranchR,StrategySkipD,StrategyReplaceBranchR,35,36,97297.2,97297.2,(((((((9)+((5)*(6)))*(x))*((x)*(x)))+((x)-(6)))*(x))+(x)),((((((9)*((2)*((5)+(1))))+((x)+(5)))+((8)+(x)))+(x))*(x)),5*x*x*x,8
38,-0.9502959830679693,0.1476407611822479,-0.8453053247532811,0.26058126721763086,StrategyAddXD|StrategyMultXD|StrategyAddTreeWithAdd|StrategySkipD|StrategyReplaceBranchR|StrategyAddTreeWithMult|StrategyMultXD|StrategyAddRandomSubTreeR|StrategySkipD|StrategyAddTreeWithDiv,StrategyReplaceBranchR|StrategyReplaceBranchR|StrategyAddXD|StrategyAddTreeWithAdd|StrategyAddRandomSubTreeR|StrategyAddXD|StrategyMultXD|StrategyAddTreeWithMult|StrategyAddRandomSubTreeR|StrategyReplaceBranchR,StrategyMultXD,StrategyReplaceBranchR,37,37,75152,75152,(((((((8)*(7))-(2))*((x)*(((4)*(9))+(x))))+(x))*((6)/(1)))+(x)),(((((((((6)+(x))+(2))-((4)*(1)))*((6)+(5)))+((3)-(5)))+((6)+(1)))+(x))*(x)),5*x*x*x,8
39,-0.9469360905201792,0.14621505531766815,-0.7656731020450772,0.2787851239669422,StrategyAddXD|StrategyMultXD|StrategyAddTreeWithAdd|StrategySkipD|StrategyReplaceBranchR|StrategyAddTreeWithMult|StrategyMultXD|StrategyAddRandomSubTreeR|StrategySkipD|StrategyAddTreeWithDiv,StrategyReplaceBranchR|StrategyReplaceBranchR|StrategySkipD|StrategyAddTreeWithAdd|StrategyAddRandomSubTreeR|StrategyAddXD|StrategyMultXD|StrategyAddTreeWithMult|StrategyAddRandomSubTreeR|StrategyReplaceBranchR,StrategyMultXD,StrategyReplaceBranchR,37,38,339037.8,339037.8,((((((5)*(x))*(((7)*(5))*(x)))+((1)+((3)/(x))))*((2)-(x)))*(x)),(((((9)+(9))*((2)+((4)+((5)+(4)))))+(x))*(x)),5*x*x*x,8
40,-0.9140043488919671,0.11908880709002227,-0.37776843347120603,0.34789886624929595,StrategyAddXD|StrategyMultXD|StrategyAddTreeWithAdd|StrategySkipD|StrategyReplaceBranchR|StrategyAddTreeWithMult|StrategyMultXD|StrategyAddRandomSubTreeR|StrategySkipD|StrategyAddToLeafR,StrategyReplaceBranchR|StrategyAddToLeafR|StrategySkipD|StrategyAddTreeWithAdd|StrategyAddRandomSubTreeR|StrategyAddXD|StrategyMultXD|StrategyAddTreeWithMult|StrategyAddRandomSubTreeR|StrategyReplaceBranchR,StrategyMultXD,StrategyAddRandomSubTreeR,39,39,5828570,5828570,(((((((x)*(6))*(x))*((x)*((1)*(((2)+(9))*(4)))))+(x))*(x))*(x)),((((((6)/((0)*(5)))+(((3)+(2))*(((8)-(9))+(8))))+((x)*((4)+(9))))+(x))*(x)),5*x*x*x,8
41,-0.9439842004715375,0.13731450036628506,-0.841829889937047,0.22590739403551918,StrategyAddXD|StrategyMultXD|StrategyAddTreeWithAdd|StrategySkipD|StrategyReplaceBranchR|StrategyAddTreeWithMult|StrategyAddXD|StrategyAddRandomSubTreeR|StrategySkipD|StrategyAddTreeWithDiv,StrategyReplaceBranchR|StrategyReplaceBranchR|StrategySkipD|StrategyAddTreeWithAdd|StrategyAddRandomSubTreeR|StrategyAddXD|StrategyMultXD|StrategyAddTreeWithMult|StrategyAddRandomSubTreeR|StrategyReplaceBranchR,StrategySkipD,StrategyReplaceBranchR,40,40,131041.16666666666,131041.16666666666,(((((((6)*(x))*(x))*((x)*(x)))+((((4)/(3))*(2))+(7)))*(x))+(x)),((((((7)-(x))/((0)*(8)))+((6)-(((7)-(0))+(0))))+(x))*(x)),5*x*x*x,8
42,-0.9387300047114087,0.10678433803445404,-0.7729814338587324,0.2986851633215269,StrategyAddXD|StrategyMultXD|StrategyAddTreeWithAdd|StrategySkipD|StrategyReplaceBranchR|StrategyMutateTerminalR|StrategyAddXD|StrategyAddRandomSubTreeR|StrategySkipD|StrategyAddToLeafR,StrategyReplaceBranchR|StrategyAddToLeafR|StrategySkipD|StrategyAddTreeWithAdd|StrategyAddRandomSubTreeR|StrategyAddXD|StrategyMultXD|StrategyAddTreeWithMult|StrategyAddRandomSubTreeR|StrategyReplaceBranchR,StrategyAddXD,StrategyReplaceBranchR,41,39,189123,189123,(((((((3)*(7))*(x))*((x)*((x)*(3))))+(x))*((7)+(3)))+(x)),((((((9)-(x))*(((3)-(6))/(0)))-((1)+(((5)+(x))*((7)-(2)))))+(x))*(x)),5*x*x*x,8
43,-0.9355485959533926,0.15209558959553696,-0.720640721505767,0.3251393827422736,StrategyAddXD|StrategyMultXD|StrategyAddTreeWithAdd|StrategySkipD|StrategyReplaceBranchR|StrategyMutateTerminalR|StrategyAddXD|StrategyAddRandomSubTreeR|StrategySkipD|StrategyAddToLeafR,StrategyReplaceBranchR|StrategyAddToLeafR|StrategySkipD|StrategyAddTreeWithAdd|StrategyAddRandomSubTreeR|StrategyAddXD|StrategyMultXD|StrategyAddTreeWithMult|StrategyAddRandomSubTreeR|StrategyReplaceBranchR,StrategySkipD,StrategyAddRandomSubTreeR,42,41,203730.3,203730.3,((((((((5)+(4))*(9))*(x))*((x)*(x)))+(x))*(x))+((7)*(1))),((((((8)*(7))*((6)/((3)-(3))))+(((3)*(x))+(1)))+(x))*(x)),5*x*x*x,8
44,-0.9407462307060882,0.13581053567613627,-0.7009172726274018,0.32966765546261845,StrategyAddXD|StrategyMultXD|StrategyAddTreeWithAdd|StrategySkipD|StrategyReplaceBranchR|StrategyMutateTerminalR|StrategyAddXD|StrategyAddRandomSubTreeR|StrategySkipD|StrategyAddToLeafR,StrategyReplaceBranchR|StrategyAddToLeafR|StrategySkipD|StrategyAddTreeWithAdd|StrategyAddRandomSubTreeR|StrategyAddXD|StrategyMultXD|StrategyAddTreeWithMult|StrategyAddRandomSubTreeR|StrategyReplaceBranchR,StrategySkipD,StrategyReplaceBranchR,43,42,980870,980870,((((((5)*(x))*((((7)*(9))*(x))*(9)))+(x))*((1)+(8)))+(x)),(((((1)*((8)+(6)))+(((3)*(4))/(0)))+((4)*(4)))*(x)),5*x*x*x,8
45,-0.9577721810414968,0.1526099819667623,-0.9106617795600915,0.29288743109468124,StrategyAddXD|StrategyMultXD|StrategyAddTreeWithAdd|StrategySkipD|StrategyReplaceBranchR|StrategyMutateTerminalR|StrategyAddXD|StrategyAddRandomSubTreeR|StrategySkipD|StrategyAddTreeWithDiv,StrategyReplaceBranchR|StrategyAddToLeafR|StrategySkipD|StrategyAddTreeWithAdd|StrategyAddRandomSubTreeR|StrategyAddXD|StrategyMultXD|StrategyAddTreeWithMult|StrategyAddRandomSubTreeR|StrategyReplaceBranchR,StrategyAddXD,StrategyAddRandomSubTreeR,44,44,81059,81059,(((((((9)+(8))*(x))*((x)*(7)))+(x))*(((9)/(3))*(6)))+(x)),(((((((6)+(4))+(0))+((5)+(2)))*(((4)-(4))+((x)*((7)-(5)))))+(x))*(x)),5*x*x*x,8
46,-0.9581405251164217,0.17696781174896972,-0.862162981735381,0.2886395403725815,StrategyAddXD|StrategyMultXD|StrategyAddTreeWithAdd|StrategySkipD|StrategyReplaceBranchR|StrategyMutateTerminalR|StrategyAddXD|StrategyAddRandomSubTreeR|StrategySkipD|StrategyAddTreeWithDiv,StrategyReplaceBranchR|StrategyAddToLeafR|StrategySkipD|StrategyAddTreeWithAdd|StrategyAddRandomSubTreeR|StrategyAddXD|StrategyMultXD|StrategyAddTreeWithMult|StrategyAddRandomSubTreeR|StrategyReplaceBranchR,StrategyAddXD,StrategyAddRandomSubTreeR,45,45,307675.5,307675.5,(((((((x)*((8)+(6)))*(x))*((x)*(x)))+(6))*(x))+((0)/(5))),((((((x)+(7))/((x)*(((9)*(6))*(0))))+((5)+(((6)+(7))*(((6)-(0))+(x)))))+(x))*((0)*(4))),5*x*x*x,8
47,-0.9672182844677669,0.169006681280809,-0.9222675585341367,0.2748300206291365,StrategyAddXD|StrategyMultXD|StrategyAddTreeWithAdd|StrategySkipD|StrategyReplaceBranchR|StrategyMutateTerminalR|StrategyAddXD|StrategyAddRandomSubTreeR|StrategySkipD|StrategyAddTreeWithDiv,StrategyReplaceBranchR|StrategyAddToLeafR|StrategySkipD|StrategyAddTreeWithAdd|StrategyAddRandomSubTreeR|StrategyAddXD|StrategyMultXD|StrategyAddTreeWithMult|StrategyAddRandomSubTreeR|StrategyReplaceBranchR,StrategyAddXD,StrategyReplaceBranchR,46,46,68601.5,68601.5,((((((5)*((5)+((6)/(4))))*((7)*((8)*(7))))+(x))*(x))+(x)),(((x)*(x))*((9)*(4))),5*x*x*x,8
48,-0.9577197229350614,0.1602480989057308,-0.8960909077370429,0.2873293168898327,StrategyAddXD|StrategyMultXD|StrategyAddTreeWithAdd|StrategySkipD|StrategyReplaceBranchR|StrategyMutateTerminalR|StrategyAddXD|StrategyAddRandomSubTreeR|StrategySkipD|StrategyAddTreeWithDiv,StrategyReplaceBranchR|StrategyReplaceBranchR|StrategySkipD|StrategyAddTreeWithAdd|StrategyAddRandomSubTreeR|StrategyAddXD|StrategyMultXD|StrategyAddTreeWithMult|StrategyAddRandomSubTreeR|StrategyReplaceBranchR,StrategyAddXD,StrategyReplaceBranchR,47,47,100177,100177,((((((x)*(x))*((x)*((6)*(7))))+(x))*((8)+((0)/(7))))+(x)),(((((2)*((9)-((6)*((0)-(0)))))/(((4)*(3))*(0)))+(x))*(x)),5*x*x*x,8
49,-0.9642577385658571,0.11814430444329531,-0.914972881739545,0.2241457973818699,StrategyAddXD|StrategyMultXD|StrategyAddTreeWithAdd|StrategySkipD|StrategyReplaceBranchR|StrategyMutateTerminalR|StrategyAddXD|StrategyAddRandomSubTreeR|StrategySkipD|StrategyAddTreeWithDiv,StrategyReplaceBranchR|StrategyReplaceBranchR|StrategySkipD|StrategyAddTreeWithAdd|StrategyAddRandomSubTreeR|StrategyAddXD|StrategyMultXD|StrategyAddTreeWithMult|StrategyAddRandomSubTreeR|StrategyReplaceBranchR,StrategyAddXD,StrategyReplaceBranchR,48,48,89795.75,89795.75,(((((((5)*(5))*(x))*((x)*((9)/(6))))+(x))*((7)*(9)))+(x)),(((((((3)+(9))*((4)+(0)))/(((5)+(0))*((x)*(x))))+((x)*((7)*(6))))+((3)*(8)))*(x)),5*x*x*x,8
50,-0.9639304837416374,0.08727710668794729,-0.9429253933818706,0.16476214134762374,StrategyAddXD|StrategyMultXD|StrategyAddTreeWithAdd|StrategySkipD|StrategyReplaceBranchR|StrategyMutateTerminalR|StrategyAddXD|StrategyAddRandomSubTreeR|StrategySkipD|StrategyAddTreeWithDiv,StrategyReplaceBranchR|StrategyAddToLeafR|StrategySkipD|StrategyAddTreeWithAdd|StrategyAddRandomSubTreeR|StrategyAddXD|StrategySkipD|StrategyAddTreeWithMult|StrategyAddRandomSubTreeR|StrategyReplaceBranchR,StrategySkipD,StrategyReplaceBranchR,49,48,29970.277777777774,29970.277777777774,((((1)+(7))*((x)*((9)+(4))))*(((x)+(4))*((x)+((7)/(9))))),(((((7)+(((7)*(x))+(7)))+((1)*(8)))*((x)+(5)))+(x)),5*x*x*x,8
